index,X,Y,Z,label
0,50.0,77.0,0.0,0
1,63.0,182.0,0.0,0
2,59.0,51.0,0.0,0
3,29.0,6.0,0.0,0
4,2.0,20.0,0.0,0
5,73.0,110.0,0.0,0
6,92.0,16.0,0.0,0
7,46.0,158.0,0.0,0
8,75.0,77.0,0.0,0
9,100.0,191.0,0.0,0
10,64.0,215.0,0.0,0
11,57.0,150.0,0.0,0
12,49.0,219.0,0.0,0
13,88.0,60.0,0.0,0
14,97.0,27.0,0.0,0
15,61.0,186.0,0.0,0
16,78.0,127.0,0.0,0
17,101.0,25.0,0.0,0
18,1.0,166.0,0.0,0
19,110.0,217.0,0.0,0
20,23.0,19.0,0.0,0
21,100.0,173.0,0.0,0
22,81.0,16.0,0.0,0
23,83.0,130.0,0.0,0
24,50.0,77.0,1.0,0
25,75.0,77.0,1.0,0
26,124.0,0.0,1.0,1
27,29.0,6.0,1.0,0
28,59.0,51.0,1.0,0
29,2.0,20.0,1.0,0
30,64.0,215.0,1.0,0
31,63.0,182.0,1.0,0
32,92.0,16.0,1.0,0
33,46.0,158.0,1.0,0
34,49.0,219.0,1.0,0
35,100.0,191.0,1.0,0
36,61.0,186.0,1.0,0
37,78.0,127.0,1.0,0
38,73.0,110.0,1.0,0
39,88.0,60.0,1.0,0
40,27.0,153.0,1.0,0
41,39.0,15.0,1.0,0
42,100.0,173.0,1.0,0
43,98.0,220.0,1.0,0
44,113.0,3.0,2.0,1
45,115.0,7.0,2.0,1
46,124.0,12.0,2.0,1
47,116.0,1.0,2.0,1
48,50.0,77.0,2.0,0
49,63.0,182.0,2.0,0
50,29.0,6.0,2.0,0
51,59.0,51.0,2.0,0
52,75.0,77.0,2.0,0
53,81.0,24.0,2.0,0
54,46.0,158.0,2.0,0
55,92.0,16.0,2.0,0
56,88.0,60.0,2.0,0
57,101.0,25.0,2.0,0
58,64.0,215.0,2.0,0
59,2.0,20.0,2.0,0
60,73.0,110.0,2.0,0
61,100.0,191.0,2.0,0
62,110.0,217.0,2.0,0
63,1.0,166.0,2.0,0
64,27.0,153.0,2.0,0
65,39.0,15.0,2.0,0
66,123.0,71.0,2.0,0
67,100.0,173.0,2.0,0
68,49.0,219.0,2.0,0
69,57.0,150.0,2.0,0
70,78.0,127.0,2.0,0
71,83.0,130.0,2.0,0
72,124.0,12.0,3.0,1
73,123.0,15.0,3.0,1
74,113.0,3.0,3.0,1
75,115.0,7.0,3.0,1
76,118.0,4.0,3.0,0
77,75.0,77.0,3.0,0
78,50.0,77.0,3.0,0
79,107.0,14.0,3.0,1
80,63.0,182.0,3.0,0
81,29.0,6.0,3.0,0
82,79.0,0.0,3.0,1
83,105.0,14.0,3.0,0
84,59.0,51.0,3.0,0
85,100.0,1.0,3.0,0
86,73.0,110.0,3.0,0
87,64.0,215.0,3.0,0
88,88.0,60.0,3.0,0
89,39.0,15.0,3.0,0
90,2.0,20.0,3.0,0
91,46.0,158.0,3.0,0
92,100.0,191.0,3.0,0
93,92.0,16.0,3.0,0
94,97.0,27.0,3.0,0
95,1.0,166.0,3.0,0
96,78.0,127.0,3.0,0
97,61.0,186.0,3.0,0
98,78.0,1.0,4.0,1
99,124.0,12.0,4.0,1
100,80.0,2.0,4.0,1
101,123.0,15.0,4.0,0
102,85.0,0.0,4.0,0
103,105.0,14.0,4.0,0
104,50.0,77.0,4.0,0
105,107.0,14.0,4.0,1
106,75.0,77.0,4.0,0
107,59.0,51.0,4.0,0
108,29.0,6.0,4.0,0
109,101.0,25.0,4.0,1
110,63.0,182.0,4.0,0
111,92.0,16.0,4.0,1
112,2.0,20.0,4.0,0
113,46.0,158.0,4.0,0
114,39.0,15.0,4.0,0
115,100.0,1.0,4.0,0
116,64.0,215.0,4.0,0
117,88.0,60.0,4.0,0
118,57.0,150.0,4.0,0
119,73.0,110.0,4.0,0
120,78.0,127.0,4.0,0
121,61.0,186.0,4.0,0
122,100.0,191.0,4.0,0
123,83.0,185.0,4.0,0
124,117.0,25.0,5.0,1
125,101.0,25.0,5.0,1
126,78.0,1.0,5.0,1
127,80.0,2.0,5.0,1
128,107.0,23.0,5.0,1
129,123.0,31.0,5.0,0
130,81.0,9.0,5.0,1
131,50.0,77.0,5.0,0
132,2.0,20.0,5.0,0
133,119.0,33.0,5.0,1
134,100.0,1.0,5.0,1
135,63.0,182.0,5.0,0
136,75.0,77.0,5.0,0
137,59.0,51.0,5.0,0
138,29.0,6.0,5.0,0
139,57.0,150.0,5.0,0
140,46.0,158.0,5.0,0
141,64.0,215.0,5.0,0
142,78.0,127.0,5.0,0
143,49.0,219.0,5.0,0
144,110.0,217.0,5.0,0
145,39.0,15.0,5.0,0
146,100.0,191.0,5.0,0
147,23.0,19.0,5.0,0
148,73.0,110.0,5.0,0
149,76.0,174.0,5.0,0
150,61.0,186.0,5.0,0
151,27.0,153.0,5.0,0
152,101.0,25.0,6.0,1
153,120.0,45.0,6.0,1
154,100.0,1.0,6.0,1
155,115.0,32.0,6.0,1
156,123.0,31.0,6.0,1
157,119.0,33.0,6.0,0
158,95.0,25.0,6.0,1
159,66.0,4.0,6.0,1
160,101.0,28.0,6.0,1
161,78.0,10.0,6.0,1
162,117.0,25.0,6.0,0
163,107.0,23.0,6.0,1
164,113.0,29.0,6.0,1
165,50.0,77.0,6.0,0
166,75.0,77.0,6.0,0
167,29.0,6.0,6.0,0
168,63.0,182.0,6.0,0
169,2.0,20.0,6.0,0
170,59.0,51.0,6.0,0
171,80.0,15.0,6.0,0
172,39.0,15.0,6.0,0
173,118.0,4.0,6.0,0
174,49.0,219.0,6.0,0
175,81.0,24.0,6.0,0
176,46.0,158.0,6.0,0
177,64.0,215.0,6.0,0
178,78.0,127.0,6.0,0
179,88.0,60.0,6.0,0
180,23.0,19.0,6.0,0
181,61.0,186.0,6.0,0
182,27.0,153.0,6.0,0
183,57.0,150.0,6.0,0
184,2.0,73.0,6.0,0
185,21.0,212.0,6.0,0
186,100.0,1.0,7.0,1
187,120.0,45.0,7.0,1
188,109.0,39.0,7.0,1
189,109.0,37.0,7.0,1
190,101.0,25.0,7.0,1
191,66.0,4.0,7.0,1
192,99.0,37.0,7.0,1
193,123.0,31.0,7.0,1
194,119.0,33.0,7.0,1
195,115.0,32.0,7.0,0
196,54.0,2.0,7.0,1
197,101.0,28.0,7.0,1
198,50.0,77.0,7.0,0
199,59.0,51.0,7.0,0
200,81.0,24.0,7.0,0
201,63.0,182.0,7.0,0
202,118.0,4.0,7.0,1
203,75.0,77.0,7.0,0
204,2.0,20.0,7.0,0
205,115.0,7.0,7.0,0
206,29.0,6.0,7.0,0
207,92.0,16.0,7.0,0
208,57.0,150.0,7.0,0
209,122.0,70.0,7.0,1
210,46.0,158.0,7.0,0
211,73.0,110.0,7.0,0
212,49.0,219.0,7.0,0
213,88.0,60.0,7.0,0
214,100.0,191.0,7.0,0
215,23.0,19.0,7.0,0
216,21.0,212.0,7.0,0
217,94.0,176.0,7.0,0
218,78.0,127.0,7.0,0
219,27.0,153.0,7.0,0
220,83.0,185.0,7.0,0
221,115.0,69.0,8.0,1
222,109.0,39.0,8.0,1
223,100.0,1.0,8.0,1
224,120.0,45.0,8.0,1
225,103.0,40.0,8.0,1
226,103.0,43.0,8.0,1
227,112.0,38.0,8.0,1
228,109.0,37.0,8.0,0
229,123.0,49.0,8.0,1
230,99.0,37.0,8.0,1
231,81.0,24.0,8.0,0
232,114.0,43.0,8.0,1
233,98.0,8.0,8.0,1
234,113.0,50.0,8.0,1
235,54.0,2.0,8.0,1
236,99.0,13.0,8.0,1
237,65.0,11.0,8.0,1
238,59.0,9.0,8.0,1
239,101.0,25.0,8.0,0
240,105.0,14.0,8.0,0
241,103.0,10.0,8.0,0
242,50.0,77.0,8.0,0
243,74.0,18.0,8.0,0
244,59.0,51.0,8.0,0
245,29.0,6.0,8.0,0
246,75.0,77.0,8.0,0
247,2.0,20.0,8.0,0
248,63.0,182.0,8.0,0
249,64.0,215.0,8.0,0
250,46.0,158.0,8.0,0
251,49.0,219.0,8.0,0
252,100.0,191.0,8.0,0
253,88.0,60.0,8.0,0
254,73.0,110.0,8.0,0
255,57.0,150.0,8.0,0
256,61.0,186.0,8.0,0
257,2.0,73.0,8.0,0
258,100.0,173.0,8.0,0
259,3.0,127.0,8.0,0
260,112.0,68.0,9.0,1
261,82.0,31.0,9.0,1
262,120.0,45.0,9.0,1
263,79.0,35.0,9.0,0
264,103.0,40.0,9.0,0
265,113.0,50.0,9.0,1
266,60.0,19.0,9.0,1
267,34.0,1.0,9.0,1
268,31.0,2.0,9.0,1
269,105.0,14.0,9.0,0
270,103.0,43.0,9.0,1
271,81.0,24.0,9.0,0
272,99.0,37.0,9.0,1
273,109.0,39.0,9.0,0
274,99.0,13.0,9.0,1
275,98.0,8.0,9.0,1
276,51.0,13.0,9.0,1
277,100.0,1.0,9.0,0
278,107.0,52.0,9.0,0
279,42.0,10.0,9.0,1
280,98.0,47.0,9.0,1
281,101.0,25.0,9.0,0
282,50.0,77.0,9.0,0
283,63.0,182.0,9.0,0
284,118.0,4.0,9.0,0
285,75.0,77.0,9.0,0
286,29.0,6.0,9.0,0
287,59.0,51.0,9.0,0
288,2.0,20.0,9.0,0
289,119.0,13.0,9.0,1
290,88.0,60.0,9.0,0
291,100.0,191.0,9.0,0
292,23.0,19.0,9.0,0
293,64.0,215.0,9.0,0
294,16.0,0.0,9.0,0
295,61.0,186.0,9.0,0
296,78.0,127.0,9.0,0
297,1.0,166.0,9.0,0
298,73.0,110.0,9.0,0
299,49.0,219.0,9.0,0
300,21.0,212.0,9.0,0
301,49.0,59.0,9.0,0
302,112.0,70.0,10.0,1
303,79.0,35.0,10.0,0
304,82.0,31.0,10.0,1
305,51.0,13.0,10.0,1
306,115.0,55.0,10.0,1
307,31.0,2.0,10.0,1
308,116.0,37.0,10.0,1
309,123.0,38.0,10.0,1
310,103.0,43.0,10.0,0
311,120.0,45.0,10.0,0
312,58.0,20.0,10.0,1
313,42.0,10.0,10.0,1
314,107.0,52.0,10.0,0
315,96.0,47.0,10.0,0
316,34.0,1.0,10.0,1
317,81.0,38.0,10.0,0
318,123.0,49.0,10.0,1
319,105.0,14.0,10.0,0
320,100.0,51.0,10.0,1
321,124.0,80.0,10.0,1
322,69.0,23.0,10.0,1
323,94.0,58.0,10.0,0
324,100.0,1.0,10.0,0
325,123.0,71.0,10.0,1
326,84.0,56.0,10.0,1
327,81.0,24.0,10.0,0
328,101.0,25.0,10.0,1
329,75.0,39.0,10.0,1
330,104.0,31.0,10.0,1
331,119.0,13.0,10.0,1
332,29.0,6.0,10.0,0
333,74.0,34.0,10.0,1
334,88.0,60.0,10.0,0
335,92.0,16.0,10.0,1
336,118.0,4.0,10.0,1
337,50.0,77.0,10.0,0
338,63.0,182.0,10.0,0
339,2.0,20.0,10.0,0
340,75.0,77.0,10.0,0
341,59.0,51.0,10.0,0
342,103.0,10.0,10.0,0
343,73.0,110.0,10.0,0
344,46.0,158.0,10.0,0
345,78.0,127.0,10.0,0
346,61.0,186.0,10.0,0
347,23.0,19.0,10.0,0
348,100.0,191.0,10.0,0
349,1.0,166.0,10.0,0
350,64.0,215.0,10.0,0
351,57.0,150.0,10.0,0
352,83.0,185.0,10.0,0
353,94.0,176.0,10.0,0
354,105.0,43.0,11.0,1
355,96.0,58.0,11.0,1
356,107.0,52.0,11.0,1
357,118.0,56.0,11.0,1
358,83.0,62.0,11.0,1
359,79.0,35.0,11.0,1
360,51.0,13.0,11.0,1
361,88.0,60.0,11.0,1
362,86.0,52.0,11.0,1
363,31.0,2.0,11.0,1
364,123.0,38.0,11.0,1
365,83.0,50.0,11.0,1
366,112.0,70.0,11.0,1
367,104.0,31.0,11.0,1
368,96.0,47.0,11.0,1
369,40.0,15.0,11.0,1
370,105.0,14.0,11.0,0
371,58.0,20.0,11.0,1
372,34.0,1.0,11.0,0
373,68.0,38.0,11.0,1
374,81.0,38.0,11.0,1
375,84.0,56.0,11.0,0
376,123.0,49.0,11.0,0
377,122.0,80.0,11.0,1
378,106.0,65.0,11.0,1
379,81.0,24.0,11.0,0
380,99.0,72.0,11.0,1
381,105.0,85.0,11.0,0
382,92.0,67.0,11.0,1
383,69.0,23.0,11.0,1
384,108.0,82.0,11.0,1
385,42.0,10.0,11.0,1
386,82.0,31.0,11.0,0
387,101.0,25.0,11.0,0
388,59.0,37.0,11.0,0
389,120.0,45.0,11.0,0
390,16.0,0.0,11.0,0
391,50.0,77.0,11.0,0
392,94.0,7.0,11.0,1
393,92.0,18.0,11.0,1
394,100.0,1.0,11.0,0
395,2.0,20.0,11.0,0
396,75.0,77.0,11.0,1
397,103.0,10.0,11.0,0
398,81.0,27.0,11.0,0
399,59.0,51.0,11.0,0
400,63.0,182.0,11.0,0
401,118.0,4.0,11.0,0
402,100.0,191.0,11.0,0
403,64.0,215.0,11.0,0
404,73.0,110.0,11.0,0
405,49.0,219.0,11.0,0
406,78.0,127.0,11.0,0
407,57.0,150.0,11.0,0
408,61.0,186.0,11.0,0
409,27.0,153.0,11.0,0
410,100.0,173.0,11.0,0
411,88.0,81.0,12.0,1
412,89.0,50.0,12.0,1
413,106.0,43.0,12.0,1
414,93.0,82.0,12.0,1
415,79.0,35.0,12.0,1
416,116.0,71.0,12.0,1
417,80.0,62.0,12.0,1
418,83.0,50.0,12.0,1
419,112.0,70.0,12.0,1
420,119.0,37.0,12.0,1
421,73.0,61.0,12.0,1
422,85.0,70.0,12.0,1
423,105.0,85.0,12.0,0
424,118.0,79.0,12.0,1
425,59.0,37.0,12.0,1
426,81.0,24.0,12.0,1
427,96.0,47.0,12.0,1
428,31.0,2.0,12.0,0
429,86.0,60.0,12.0,0
430,78.0,48.0,12.0,1
431,40.0,15.0,12.0,0
432,105.0,14.0,12.0,0
433,80.0,15.0,12.0,1
434,113.0,50.0,12.0,1
435,88.0,60.0,12.0,0
436,94.0,58.0,12.0,1
437,81.0,38.0,12.0,1
438,58.0,20.0,12.0,0
439,123.0,31.0,12.0,1
440,31.0,12.0,12.0,1
441,107.0,14.0,12.0,1
442,111.0,86.0,12.0,0
443,122.0,56.0,12.0,1
444,23.0,8.0,12.0,0
445,16.0,0.0,12.0,0
446,75.0,77.0,12.0,0
447,100.0,1.0,12.0,0
448,29.0,6.0,12.0,1
449,123.0,49.0,12.0,0
450,122.0,93.0,12.0,1
451,101.0,25.0,12.0,0
452,82.0,26.0,12.0,1
453,92.0,18.0,12.0,0
454,92.0,67.0,12.0,0
455,2.0,20.0,12.0,0
456,50.0,77.0,12.0,0
457,40.0,27.0,12.0,0
458,111.0,3.0,12.0,1
459,98.0,8.0,12.0,1
460,120.0,45.0,12.0,0
461,59.0,51.0,12.0,0
462,63.0,182.0,12.0,0
463,46.0,158.0,12.0,0
464,73.0,110.0,12.0,0
465,61.0,186.0,12.0,0
466,78.0,127.0,12.0,0
467,64.0,215.0,12.0,0
468,98.0,220.0,12.0,0
469,100.0,191.0,12.0,0
470,49.0,219.0,12.0,0
471,57.0,150.0,12.0,0
472,111.0,81.0,13.0,1
473,113.0,50.0,13.0,1
474,88.0,81.0,13.0,1
475,82.0,58.0,13.0,1
476,76.0,56.0,13.0,1
477,78.0,48.0,13.0,1
478,68.0,56.0,13.0,1
479,117.0,70.0,13.0,1
480,100.0,41.0,13.0,1
481,73.0,61.0,13.0,0
482,89.0,50.0,13.0,1
483,79.0,35.0,13.0,1
484,80.0,64.0,13.0,1
485,80.0,15.0,13.0,1
486,75.0,77.0,13.0,0
487,105.0,85.0,13.0,0
488,119.0,38.0,13.0,1
489,59.0,37.0,13.0,1
490,105.0,14.0,13.0,0
491,96.0,47.0,13.0,1
492,40.0,27.0,13.0,1
493,107.0,14.0,13.0,1
494,116.0,109.0,13.0,1
495,119.0,61.0,13.0,1
496,59.0,28.0,13.0,1
497,81.0,24.0,13.0,0
498,122.0,86.0,13.0,0
499,39.0,15.0,13.0,1
500,35.0,29.0,13.0,0
501,108.0,103.0,13.0,0
502,86.0,75.0,13.0,0
503,124.0,106.0,13.0,1
504,67.0,33.0,13.0,1
505,23.0,8.0,13.0,1
506,120.0,85.0,13.0,1
507,101.0,25.0,13.0,1
508,100.0,1.0,13.0,1
509,31.0,12.0,13.0,1
510,16.0,0.0,13.0,1
511,46.0,36.0,13.0,0
512,117.0,102.0,13.0,0
513,29.0,6.0,13.0,1
514,123.0,49.0,13.0,0
515,123.0,31.0,13.0,0
516,92.0,18.0,13.0,0
517,50.0,77.0,13.0,0
518,63.0,182.0,13.0,0
519,2.0,20.0,13.0,0
520,46.0,158.0,13.0,0
521,73.0,110.0,13.0,0
522,100.0,191.0,13.0,0
523,64.0,215.0,13.0,0
524,49.0,219.0,13.0,0
525,78.0,127.0,13.0,0
526,1.0,166.0,13.0,0
527,100.0,173.0,13.0,0
528,61.0,186.0,13.0,0
529,98.0,220.0,13.0,0
530,68.0,118.0,13.0,0
531,87.0,89.0,14.0,1
532,85.0,78.0,14.0,1
533,118.0,68.0,14.0,1
534,118.0,51.0,14.0,1
535,101.0,85.0,14.0,1
536,119.0,61.0,14.0,1
537,73.0,61.0,14.0,1
538,84.0,42.0,14.0,1
539,78.0,48.0,14.0,1
540,77.0,57.0,14.0,0
541,75.0,77.0,14.0,1
542,80.0,64.0,14.0,1
543,105.0,14.0,14.0,0
544,101.0,25.0,14.0,1
545,79.0,35.0,14.0,0
546,101.0,17.0,14.0,1
547,110.0,44.0,14.0,1
548,124.0,115.0,14.0,1
549,20.0,4.0,14.0,1
550,113.0,50.0,14.0,0
551,59.0,37.0,14.0,1
552,103.0,43.0,14.0,1
553,75.0,28.0,14.0,1
554,107.0,14.0,14.0,0
555,80.0,15.0,14.0,0
556,115.0,114.0,14.0,1
557,86.0,60.0,14.0,0
558,104.0,3.0,14.0,1
559,40.0,27.0,14.0,0
560,88.0,60.0,14.0,1
561,35.0,29.0,14.0,0
562,16.0,0.0,14.0,0
563,84.0,56.0,14.0,0
564,65.0,51.0,14.0,0
565,55.0,36.0,14.0,1
566,124.0,106.0,14.0,0
567,23.0,8.0,14.0,1
568,25.0,25.0,14.0,1
569,23.0,19.0,14.0,1
570,46.0,36.0,14.0,1
571,21.0,18.0,14.0,0
572,67.0,33.0,14.0,0
573,96.0,47.0,14.0,0
574,38.0,22.0,14.0,1
575,82.0,55.0,14.0,0
576,81.0,24.0,14.0,0
577,38.0,35.0,14.0,1
578,95.0,51.0,14.0,1
579,2.0,20.0,14.0,0
580,41.0,34.0,14.0,0
581,122.0,86.0,14.0,0
582,68.0,38.0,14.0,0
583,31.0,12.0,14.0,1
584,108.0,103.0,14.0,0
585,50.0,77.0,14.0,0
586,74.0,18.0,14.0,0
587,109.0,30.0,14.0,1
588,29.0,6.0,14.0,0
589,79.0,0.0,14.0,0
590,89.0,14.0,14.0,0
591,123.0,49.0,14.0,0
592,63.0,182.0,14.0,0
593,57.0,150.0,14.0,0
594,123.0,31.0,14.0,0
595,46.0,158.0,14.0,0
596,110.0,217.0,14.0,0
597,64.0,215.0,14.0,0
598,49.0,219.0,14.0,0
599,100.0,191.0,14.0,0
600,78.0,127.0,14.0,0
601,98.0,220.0,14.0,0
602,61.0,186.0,14.0,0
603,109.0,84.0,15.0,1
604,118.0,75.0,15.0,1
605,85.0,89.0,15.0,1
606,118.0,70.0,15.0,1
607,101.0,71.0,15.0,1
608,85.0,79.0,15.0,1
609,101.0,84.0,15.0,1
610,102.0,59.0,15.0,1
611,95.0,66.0,15.0,1
612,76.0,52.0,15.0,1
613,101.0,6.0,15.0,1
614,73.0,61.0,15.0,1
615,101.0,17.0,15.0,1
616,88.0,60.0,15.0,1
617,105.0,14.0,15.0,1
618,20.0,4.0,15.0,1
619,101.0,25.0,15.0,0
620,75.0,77.0,15.0,1
621,70.0,71.0,15.0,1
622,95.0,89.0,15.0,1
623,124.0,115.0,15.0,1
624,84.0,44.0,15.0,1
625,107.0,14.0,15.0,0
626,86.0,60.0,15.0,0
627,111.0,45.0,15.0,1
628,96.0,47.0,15.0,1
629,92.0,18.0,15.0,1
630,78.0,77.0,15.0,1
631,74.0,29.0,15.0,1
632,35.0,29.0,15.0,1
633,27.0,30.0,15.0,0
634,103.0,43.0,15.0,0
635,79.0,35.0,15.0,0
636,113.0,50.0,15.0,0
637,21.0,18.0,15.0,0
638,23.0,19.0,15.0,0
639,89.0,14.0,15.0,0
640,18.0,21.0,15.0,0
641,20.0,25.0,15.0,0
642,82.0,63.0,15.0,0
643,65.0,51.0,15.0,0
644,53.0,52.0,15.0,1
645,9.0,9.0,15.0,0
646,63.0,65.0,15.0,0
647,81.0,24.0,15.0,0
648,80.0,15.0,15.0,0
649,78.0,1.0,15.0,0
650,44.0,43.0,15.0,0
651,63.0,15.0,15.0,1
652,67.0,33.0,15.0,0
653,80.0,2.0,15.0,0
654,38.0,35.0,15.0,0
655,74.0,18.0,15.0,0
656,82.0,55.0,15.0,0
657,2.0,20.0,15.0,0
658,54.0,25.0,15.0,1
659,122.0,86.0,15.0,0
660,50.0,77.0,15.0,0
661,14.0,17.0,15.0,1
662,35.0,59.0,15.0,1
663,38.0,22.0,15.0,1
664,40.0,27.0,15.0,0
665,29.0,6.0,15.0,0
666,46.0,36.0,15.0,0
667,63.0,182.0,15.0,0
668,123.0,49.0,15.0,0
669,77.0,98.0,15.0,0
670,57.0,150.0,15.0,0
671,49.0,219.0,15.0,0
672,46.0,158.0,15.0,0
673,78.0,127.0,15.0,0
674,64.0,215.0,15.0,0
675,100.0,191.0,15.0,0
676,27.0,153.0,15.0,0
677,98.0,220.0,15.0,0
678,61.0,186.0,15.0,0
679,105.0,74.0,16.0,1
680,85.0,73.0,16.0,1
681,110.0,75.0,16.0,1
682,101.0,83.0,16.0,1
683,95.0,66.0,16.0,1
684,73.0,9.0,16.0,1
685,35.0,59.0,16.0,1
686,25.0,57.0,16.0,1
687,88.0,60.0,16.0,1
688,101.0,6.0,16.0,1
689,75.0,77.0,16.0,1
690,101.0,17.0,16.0,1
691,109.0,57.0,16.0,1
692,101.0,25.0,16.0,1
693,70.0,75.0,16.0,1
694,71.0,46.0,16.0,1
695,47.0,56.0,16.0,0
696,105.0,14.0,16.0,1
697,37.0,55.0,16.0,1
698,107.0,14.0,16.0,1
699,94.0,58.0,16.0,1
700,96.0,47.0,16.0,1
701,107.0,23.0,16.0,1
702,76.0,3.0,16.0,0
703,89.0,14.0,16.0,0
704,73.0,61.0,16.0,0
705,26.0,48.0,16.0,1
706,100.0,51.0,16.0,0
707,9.0,9.0,16.0,1
708,31.0,2.0,16.0,0
709,115.0,7.0,16.0,1
710,80.0,2.0,16.0,1
711,109.0,110.0,16.0,1
712,92.0,18.0,16.0,1
713,80.0,15.0,16.0,1
714,20.0,25.0,16.0,1
715,23.0,39.0,16.0,1
716,79.0,35.0,16.0,0
717,12.0,20.0,16.0,1
718,21.0,18.0,16.0,1
719,30.0,44.0,16.0,1
720,18.0,21.0,16.0,0
721,74.0,18.0,16.0,0
722,107.0,52.0,16.0,0
723,78.0,48.0,16.0,0
724,14.0,17.0,16.0,0
725,23.0,19.0,16.0,0
726,87.0,45.0,16.0,1
727,68.0,38.0,16.0,1
728,82.0,63.0,16.0,0
729,57.0,53.0,16.0,1
730,81.0,24.0,16.0,0
731,49.0,59.0,16.0,0
732,124.0,128.0,16.0,0
733,80.0,46.0,16.0,0
734,50.0,77.0,16.0,0
735,5.0,8.0,16.0,0
736,51.0,75.0,16.0,0
737,120.0,126.0,16.0,1
738,60.0,32.0,16.0,1
739,14.0,27.0,16.0,0
740,2.0,20.0,16.0,0
741,63.0,182.0,16.0,0
742,40.0,27.0,16.0,0
743,69.0,23.0,16.0,0
744,29.0,6.0,16.0,0
745,65.0,11.0,16.0,0
746,35.0,29.0,16.0,0
747,124.0,115.0,16.0,0
748,99.0,110.0,16.0,0
749,73.0,110.0,16.0,0
750,46.0,158.0,16.0,0
751,100.0,191.0,16.0,0
752,123.0,49.0,16.0,0
753,78.0,127.0,16.0,0
754,49.0,219.0,16.0,0
755,64.0,215.0,16.0,0
756,106.0,75.0,17.0,1
757,111.0,75.0,17.0,1
758,106.0,107.0,17.0,1
759,111.0,59.0,17.0,1
760,102.0,81.0,17.0,1
761,115.0,17.0,17.0,1
762,101.0,17.0,17.0,1
763,95.0,59.0,17.0,1
764,101.0,64.0,17.0,1
765,101.0,25.0,17.0,1
766,87.0,72.0,17.0,1
767,88.0,60.0,17.0,1
768,74.0,101.0,17.0,1
769,85.0,78.0,17.0,1
770,75.0,77.0,17.0,1
771,47.0,56.0,17.0,1
772,67.0,48.0,17.0,1
773,102.0,5.0,17.0,1
774,63.0,60.0,17.0,1
775,13.0,44.0,17.0,1
776,105.0,14.0,17.0,1
777,112.0,70.0,17.0,0
778,37.0,55.0,17.0,1
779,26.0,58.0,17.0,1
780,14.0,15.0,17.0,1
781,31.0,2.0,17.0,1
782,66.0,91.0,17.0,1
783,9.0,9.0,17.0,1
784,117.0,25.0,17.0,0
785,50.0,77.0,17.0,1
786,12.0,20.0,17.0,1
787,78.0,1.0,17.0,0
788,96.0,47.0,17.0,1
789,99.0,110.0,17.0,0
790,80.0,2.0,17.0,1
791,79.0,35.0,17.0,0
792,82.0,63.0,17.0,0
793,68.0,0.0,17.0,1
794,2.0,20.0,17.0,0
795,73.0,61.0,17.0,1
796,118.0,4.0,17.0,1
797,26.0,48.0,17.0,1
798,23.0,39.0,17.0,0
799,15.0,32.0,17.0,1
800,49.0,59.0,17.0,0
801,115.0,7.0,17.0,1
802,59.0,37.0,17.0,0
803,42.0,10.0,17.0,1
804,84.0,44.0,17.0,1
805,68.0,38.0,17.0,1
806,113.0,3.0,17.0,0
807,24.0,50.0,17.0,0
808,0.0,7.0,17.0,0
809,85.0,0.0,17.0,0
810,81.0,24.0,17.0,0
811,80.0,15.0,17.0,0
812,34.0,1.0,17.0,0
813,89.0,14.0,17.0,0
814,23.0,19.0,17.0,0
815,96.0,128.0,17.0,0
816,29.0,6.0,17.0,0
817,63.0,182.0,17.0,0
818,61.0,100.0,17.0,0
819,40.0,27.0,17.0,1
820,69.0,23.0,17.0,0
821,123.0,49.0,17.0,0
822,100.0,191.0,17.0,0
823,57.0,150.0,17.0,0
824,64.0,215.0,17.0,0
825,46.0,158.0,17.0,0
826,49.0,219.0,17.0,0
827,61.0,186.0,17.0,0
828,100.0,173.0,17.0,0
829,98.0,220.0,17.0,0
830,62.0,158.0,18.0,1
831,102.0,81.0,18.0,1
832,73.0,83.0,18.0,1
833,115.0,19.0,18.0,1
834,106.0,109.0,18.0,1
835,66.0,98.0,18.0,1
836,77.0,125.0,18.0,1
837,101.0,25.0,18.0,1
838,10.0,44.0,18.0,1
839,77.0,105.0,18.0,1
840,63.0,1.0,18.0,1
841,83.0,76.0,18.0,1
842,101.0,75.0,18.0,1
843,98.0,68.0,18.0,1
844,88.0,60.0,18.0,1
845,101.0,17.0,18.0,1
846,47.0,56.0,18.0,0
847,117.0,25.0,18.0,1
848,105.0,14.0,18.0,0
849,79.0,35.0,18.0,0
850,16.0,18.0,18.0,1
851,46.0,129.0,18.0,1
852,37.0,55.0,18.0,1
853,59.0,13.0,18.0,1
854,93.0,63.0,18.0,1
855,84.0,56.0,18.0,1
856,96.0,128.0,18.0,1
857,108.0,129.0,18.0,1
858,12.0,20.0,18.0,0
859,82.0,63.0,18.0,1
860,59.0,37.0,18.0,1
861,103.0,4.0,18.0,1
862,73.0,61.0,18.0,1
863,111.0,59.0,18.0,1
864,2.0,20.0,18.0,0
865,49.0,89.0,18.0,1
866,43.0,75.0,18.0,1
867,65.0,109.0,18.0,1
868,109.0,39.0,18.0,0
869,64.0,45.0,18.0,1
870,83.0,50.0,18.0,1
871,91.0,35.0,18.0,1
872,34.0,62.0,18.0,1
873,54.0,106.0,18.0,1
874,109.0,37.0,18.0,1
875,49.0,59.0,18.0,0
876,78.0,1.0,18.0,0
877,0.0,7.0,18.0,0
878,31.0,2.0,18.0,0
879,23.0,19.0,18.0,0
880,80.0,2.0,18.0,0
881,115.0,81.0,18.0,1
882,14.0,34.0,18.0,1
883,42.0,10.0,18.0,1
884,10.0,61.0,18.0,1
885,5.0,8.0,18.0,0
886,78.0,48.0,18.0,0
887,122.0,86.0,18.0,0
888,121.0,142.0,18.0,0
889,81.0,24.0,18.0,0
890,29.0,6.0,18.0,0
891,119.0,103.0,18.0,1
892,63.0,182.0,18.0,0
893,58.0,104.0,18.0,0
894,103.0,10.0,18.0,0
895,44.0,0.0,18.0,1
896,60.0,19.0,18.0,0
897,99.0,110.0,18.0,0
898,58.0,20.0,18.0,0
899,40.0,27.0,18.0,0
900,98.0,47.0,18.0,0
901,120.0,45.0,18.0,0
902,123.0,49.0,18.0,0
903,98.0,144.0,18.0,0
904,64.0,215.0,18.0,0
905,100.0,191.0,18.0,0
906,94.0,176.0,18.0,0
907,49.0,219.0,18.0,0
908,98.0,220.0,18.0,0
909,66.0,98.0,19.0,1
910,108.0,110.0,19.0,1
911,73.0,80.0,19.0,1
912,73.0,84.0,19.0,1
913,118.0,18.0,19.0,1
914,78.0,85.0,19.0,1
915,91.0,35.0,19.0,1
916,104.0,129.0,19.0,1
917,107.0,18.0,19.0,1
918,78.0,127.0,19.0,1
919,101.0,92.0,19.0,1
920,79.0,35.0,19.0,1
921,104.0,27.0,19.0,1
922,59.0,14.0,19.0,1
923,105.0,14.0,19.0,0
924,8.0,45.0,19.0,1
925,117.0,0.0,19.0,1
926,102.0,83.0,19.0,1
927,60.0,91.0,19.0,1
928,40.0,82.0,19.0,1
929,47.0,56.0,19.0,0
930,117.0,25.0,19.0,1
931,9.0,9.0,19.0,1
932,124.0,128.0,19.0,1
933,101.0,17.0,19.0,0
934,43.0,75.0,19.0,1
935,13.0,14.0,19.0,1
936,2.0,20.0,19.0,0
937,59.0,37.0,19.0,0
938,60.0,49.0,19.0,1
939,99.0,37.0,19.0,1
940,65.0,109.0,19.0,1
941,73.0,61.0,19.0,1
942,124.0,12.0,19.0,1
943,109.0,39.0,19.0,1
944,49.0,89.0,19.0,0
945,11.0,63.0,19.0,1
946,88.0,60.0,19.0,0
947,84.0,56.0,19.0,1
948,92.0,67.0,19.0,1
949,109.0,37.0,19.0,0
950,113.0,3.0,19.0,0
951,12.0,20.0,19.0,0
952,23.0,19.0,19.0,0
953,86.0,75.0,19.0,0
954,100.0,1.0,19.0,0
955,98.0,144.0,19.0,1
956,37.0,55.0,19.0,0
957,119.0,33.0,19.0,0
958,49.0,59.0,19.0,0
959,83.0,50.0,19.0,0
960,122.0,86.0,19.0,0
961,54.0,106.0,19.0,0
962,94.0,58.0,19.0,0
963,98.0,8.0,19.0,0
964,92.0,16.0,19.0,0
965,34.0,62.0,19.0,0
966,29.0,6.0,19.0,0
967,23.0,8.0,19.0,0
968,81.0,24.0,19.0,0
969,33.0,77.0,19.0,0
970,40.0,27.0,19.0,0
971,63.0,182.0,19.0,0
972,98.0,47.0,19.0,0
973,123.0,49.0,19.0,0
974,90.0,47.0,19.0,0
975,35.0,29.0,19.0,0
976,120.0,45.0,19.0,0
977,46.0,158.0,19.0,0
978,64.0,215.0,19.0,0
979,110.0,217.0,19.0,0
980,100.0,191.0,19.0,0
981,61.0,186.0,19.0,0
982,49.0,219.0,19.0,0
983,83.0,86.0,20.0,1
984,109.0,112.0,20.0,1
985,73.0,84.0,20.0,1
986,91.0,35.0,20.0,1
987,105.0,14.0,20.0,1
988,101.0,25.0,20.0,1
989,91.0,88.0,20.0,1
990,66.0,81.0,20.0,1
991,73.0,129.0,20.0,1
992,68.0,93.0,20.0,1
993,58.0,104.0,20.0,1
994,118.0,0.0,20.0,1
995,79.0,35.0,20.0,0
996,47.0,56.0,20.0,0
997,66.0,99.0,20.0,1
998,120.0,17.0,20.0,1
999,117.0,25.0,20.0,0
1000,43.0,84.0,20.0,1
1001,71.0,121.0,20.0,1
1002,9.0,9.0,20.0,1
1003,66.0,105.0,20.0,1
1004,104.0,131.0,20.0,1
1005,11.0,48.0,20.0,1
1006,7.0,68.0,20.0,1
1007,43.0,75.0,20.0,1
1008,57.0,92.0,20.0,1
1009,57.0,53.0,20.0,1
1010,59.0,37.0,20.0,1
1011,98.0,8.0,20.0,1
1012,39.0,78.0,20.0,1
1013,15.0,70.0,20.0,0
1014,62.0,127.0,20.0,1
1015,13.0,70.0,20.0,1
1016,124.0,128.0,20.0,1
1017,2.0,20.0,20.0,0
1018,113.0,3.0,20.0,0
1019,88.0,60.0,20.0,1
1020,97.0,148.0,20.0,1
1021,100.0,1.0,20.0,0
1022,54.0,35.0,20.0,1
1023,80.0,46.0,20.0,1
1024,82.0,63.0,20.0,1
1025,74.0,134.0,20.0,1
1026,73.0,61.0,20.0,0
1027,49.0,59.0,20.0,1
1028,21.0,18.0,20.0,1
1029,33.0,77.0,20.0,0
1030,44.0,97.0,20.0,0
1031,109.0,39.0,20.0,0
1032,59.0,9.0,20.0,0
1033,115.0,32.0,20.0,0
1034,4.0,35.0,20.0,0
1035,50.0,99.0,20.0,1
1036,23.0,19.0,20.0,0
1037,124.0,115.0,20.0,1
1038,43.0,102.0,20.0,0
1039,122.0,86.0,20.0,0
1040,12.0,20.0,20.0,0
1041,112.0,38.0,20.0,0
1042,122.0,93.0,20.0,1
1043,50.0,77.0,20.0,0
1044,113.0,134.0,20.0,1
1045,93.0,155.0,20.0,0
1046,54.0,25.0,20.0,1
1047,86.0,154.0,20.0,1
1048,119.0,33.0,20.0,0
1049,85.0,156.0,20.0,0
1050,85.0,146.0,20.0,1
1051,0.0,23.0,20.0,1
1052,40.0,27.0,20.0,0
1053,63.0,182.0,20.0,0
1054,118.0,70.0,20.0,1
1055,101.0,93.0,20.0,1
1056,81.0,24.0,20.0,0
1057,29.0,6.0,20.0,0
1058,95.0,156.0,20.0,0
1059,123.0,31.0,20.0,0
1060,98.0,47.0,20.0,0
1061,39.0,15.0,20.0,0
1062,116.0,154.0,20.0,0
1063,64.0,215.0,20.0,0
1064,35.0,29.0,20.0,0
1065,100.0,191.0,20.0,0
1066,123.0,49.0,20.0,0
1067,46.0,158.0,20.0,0
1068,57.0,150.0,20.0,0
1069,61.0,186.0,20.0,0
1070,98.0,220.0,20.0,0
1071,57.0,77.0,21.0,1
1072,101.0,25.0,21.0,1
1073,51.0,100.0,21.0,1
1074,82.0,46.0,21.0,1
1075,57.0,102.0,21.0,1
1076,113.0,135.0,21.0,1
1077,66.0,99.0,21.0,1
1078,105.0,14.0,21.0,0
1079,83.0,86.0,21.0,1
1080,59.0,110.0,21.0,1
1081,107.0,14.0,21.0,1
1082,55.0,95.0,21.0,1
1083,47.0,56.0,21.0,0
1084,122.0,86.0,21.0,0
1085,119.0,89.0,21.0,1
1086,69.0,77.0,21.0,1
1087,117.0,25.0,21.0,1
1088,101.0,17.0,21.0,1
1089,79.0,35.0,21.0,0
1090,74.0,85.0,21.0,1
1091,9.0,9.0,21.0,1
1092,99.0,37.0,21.0,1
1093,59.0,37.0,21.0,0
1094,9.0,68.0,21.0,1
1095,65.0,51.0,21.0,1
1096,98.0,8.0,21.0,1
1097,15.0,70.0,21.0,0
1098,2.0,20.0,21.0,0
1099,10.0,74.0,21.0,0
1100,117.0,0.0,21.0,1
1101,43.0,102.0,21.0,1
1102,100.0,1.0,21.0,0
1103,124.0,117.0,21.0,1
1104,13.0,70.0,21.0,0
1105,59.0,87.0,21.0,1
1106,33.0,77.0,21.0,0
1107,39.0,78.0,21.0,1
1108,75.0,77.0,21.0,0
1109,4.0,35.0,21.0,1
1110,73.0,61.0,21.0,0
1111,40.0,90.0,21.0,1
1112,70.0,119.0,21.0,1
1113,77.0,57.0,21.0,1
1114,44.0,97.0,21.0,0
1115,21.0,18.0,21.0,0
1116,49.0,59.0,21.0,1
1117,113.0,3.0,21.0,0
1118,7.0,50.0,21.0,1
1119,14.0,17.0,21.0,0
1120,12.0,20.0,21.0,0
1121,61.0,127.0,21.0,1
1122,23.0,19.0,21.0,1
1123,43.0,75.0,21.0,0
1124,54.0,25.0,21.0,1
1125,44.0,106.0,21.0,0
1126,123.0,75.0,21.0,1
1127,54.0,35.0,21.0,1
1128,9.0,85.0,21.0,1
1129,85.0,156.0,21.0,1
1130,88.0,60.0,21.0,0
1131,50.0,77.0,21.0,0
1132,1.0,26.0,21.0,1
1133,81.0,24.0,21.0,0
1134,108.0,111.0,21.0,1
1135,63.0,182.0,21.0,0
1136,90.0,160.0,21.0,0
1137,98.0,47.0,21.0,0
1138,74.0,134.0,21.0,1
1139,29.0,6.0,21.0,0
1140,39.0,15.0,21.0,0
1141,40.0,27.0,21.0,0
1142,119.0,164.0,21.0,0
1143,57.0,150.0,21.0,0
1144,78.0,127.0,21.0,0
1145,100.0,191.0,21.0,0
1146,64.0,215.0,21.0,0
1147,46.0,158.0,21.0,0
1148,123.0,49.0,21.0,0
1149,100.0,173.0,21.0,0
1150,61.0,186.0,21.0,0
1151,106.0,119.0,22.0,1
1152,123.0,76.0,22.0,1
1153,66.0,80.0,22.0,1
1154,82.0,89.0,22.0,1
1155,55.0,76.0,22.0,1
1156,115.0,143.0,22.0,1
1157,98.0,18.0,22.0,1
1158,122.0,86.0,22.0,1
1159,79.0,35.0,22.0,1
1160,69.0,119.0,22.0,1
1161,55.0,95.0,22.0,1
1162,101.0,25.0,22.0,1
1163,44.0,97.0,22.0,1
1164,91.0,26.0,22.0,1
1165,47.0,56.0,22.0,0
1166,83.0,46.0,22.0,1
1167,66.0,93.0,22.0,1
1168,63.0,118.0,22.0,1
1169,54.0,106.0,22.0,1
1170,99.0,37.0,22.0,1
1171,83.0,50.0,22.0,0
1172,105.0,14.0,22.0,0
1173,98.0,8.0,22.0,1
1174,121.0,64.0,22.0,1
1175,59.0,37.0,22.0,1
1176,2.0,20.0,22.0,0
1177,78.0,48.0,22.0,0
1178,75.0,77.0,22.0,0
1179,13.0,70.0,22.0,0
1180,46.0,90.0,22.0,1
1181,65.0,51.0,22.0,1
1182,100.0,1.0,22.0,1
1183,9.0,9.0,22.0,1
1184,15.0,70.0,22.0,1
1185,10.0,74.0,22.0,1
1186,76.0,145.0,22.0,1
1187,39.0,78.0,22.0,0
1188,4.0,35.0,22.0,0
1189,76.0,52.0,22.0,0
1190,12.0,20.0,22.0,0
1191,33.0,77.0,22.0,0
1192,44.0,106.0,22.0,1
1193,35.0,99.0,22.0,0
1194,40.0,90.0,22.0,1
1195,97.0,164.0,22.0,1
1196,107.0,14.0,22.0,1
1197,81.0,24.0,22.0,0
1198,9.0,85.0,22.0,1
1199,28.0,82.0,22.0,1
1200,68.0,38.0,22.0,1
1201,109.0,37.0,22.0,1
1202,6.0,35.0,22.0,1
1203,14.0,17.0,22.0,1
1204,49.0,59.0,22.0,1
1205,35.0,29.0,22.0,1
1206,23.0,19.0,22.0,1
1207,109.0,39.0,22.0,0
1208,120.0,20.0,22.0,1
1209,7.0,50.0,22.0,1
1210,54.0,35.0,22.0,0
1211,44.0,113.0,22.0,0
1212,98.0,47.0,22.0,0
1213,31.0,90.0,22.0,0
1214,18.0,21.0,22.0,0
1215,119.0,164.0,22.0,1
1216,24.0,92.0,22.0,0
1217,55.0,126.0,22.0,1
1218,29.0,6.0,22.0,0
1219,20.0,92.0,22.0,0
1220,40.0,27.0,22.0,1
1221,102.0,164.0,22.0,0
1222,77.0,98.0,22.0,0
1223,124.0,115.0,22.0,1
1224,73.0,110.0,22.0,0
1225,39.0,15.0,22.0,0
1226,57.0,150.0,22.0,0
1227,63.0,182.0,22.0,0
1228,46.0,158.0,22.0,0
1229,100.0,173.0,22.0,0
1230,123.0,49.0,22.0,1
1231,123.0,137.0,22.0,0
1232,121.0,126.0,22.0,0
1233,110.0,217.0,22.0,0
1234,78.0,127.0,22.0,0
1235,64.0,215.0,22.0,0
1236,100.0,191.0,22.0,0
1237,49.0,219.0,22.0,0
1238,44.0,100.0,23.0,1
1239,107.0,121.0,23.0,1
1240,122.0,86.0,23.0,1
1241,81.0,124.0,23.0,1
1242,54.0,106.0,23.0,1
1243,52.0,101.0,23.0,1
1244,79.0,35.0,23.0,1
1245,120.0,107.0,23.0,1
1246,74.0,93.0,23.0,1
1247,47.0,56.0,23.0,1
1248,64.0,80.0,23.0,1
1249,115.0,144.0,23.0,1
1250,86.0,94.0,23.0,1
1251,60.0,133.0,23.0,1
1252,61.0,95.0,23.0,1
1253,101.0,25.0,23.0,1
1254,10.0,74.0,23.0,1
1255,123.0,137.0,23.0,1
1256,98.0,18.0,23.0,1
1257,53.0,96.0,23.0,1
1258,120.0,20.0,23.0,1
1259,97.0,164.0,23.0,1
1260,2.0,20.0,23.0,0
1261,78.0,48.0,23.0,1
1262,64.0,119.0,23.0,1
1263,99.0,37.0,23.0,1
1264,83.0,50.0,23.0,1
1265,124.0,115.0,23.0,1
1266,82.0,91.0,23.0,1
1267,109.0,39.0,23.0,0
1268,105.0,14.0,23.0,0
1269,89.0,14.0,23.0,0
1270,46.0,91.0,23.0,1
1271,59.0,37.0,23.0,1
1272,109.0,37.0,23.0,1
1273,96.0,47.0,23.0,1
1274,91.0,26.0,23.0,1
1275,107.0,143.0,23.0,1
1276,15.0,70.0,23.0,0
1277,35.0,99.0,23.0,1
1278,75.0,77.0,23.0,0
1279,122.0,68.0,23.0,1
1280,68.0,38.0,23.0,0
1281,35.0,29.0,23.0,1
1282,13.0,70.0,23.0,0
1283,44.0,106.0,23.0,0
1284,12.0,20.0,23.0,0
1285,60.0,68.0,23.0,1
1286,55.0,77.0,23.0,1
1287,39.0,78.0,23.0,1
1288,76.0,52.0,23.0,0
1289,49.0,59.0,23.0,1
1290,91.0,0.0,23.0,1
1291,100.0,1.0,23.0,0
1292,81.0,24.0,23.0,0
1293,14.0,17.0,23.0,1
1294,33.0,77.0,23.0,1
1295,98.0,47.0,23.0,1
1296,44.0,113.0,23.0,0
1297,9.0,9.0,23.0,1
1298,54.0,35.0,23.0,0
1299,31.0,90.0,23.0,0
1300,81.0,38.0,23.0,0
1301,103.0,43.0,23.0,0
1302,68.0,108.0,23.0,1
1303,84.0,44.0,23.0,0
1304,14.0,49.0,23.0,1
1305,77.0,98.0,23.0,0
1306,123.0,15.0,23.0,0
1307,40.0,27.0,23.0,0
1308,18.0,21.0,23.0,0
1309,43.0,75.0,23.0,0
1310,10.0,40.0,23.0,0
1311,23.0,82.0,23.0,0
1312,88.0,60.0,23.0,1
1313,23.0,19.0,23.0,1
1314,63.0,182.0,23.0,0
1315,20.0,94.0,23.0,0
1316,67.0,149.0,23.0,1
1317,29.0,6.0,23.0,0
1318,59.0,51.0,23.0,0
1319,118.0,169.0,23.0,1
1320,24.0,92.0,23.0,0
1321,120.0,45.0,23.0,0
1322,57.0,150.0,23.0,0
1323,103.0,10.0,23.0,0
1324,123.0,49.0,23.0,0
1325,46.0,158.0,23.0,0
1326,64.0,215.0,23.0,0
1327,100.0,191.0,23.0,0
1328,61.0,186.0,23.0,0
1329,98.0,220.0,23.0,0
1330,49.0,219.0,23.0,0
1331,60.0,129.0,24.0,1
1332,13.0,79.0,24.0,1
1333,106.0,144.0,24.0,1
1334,94.0,82.0,24.0,1
1335,92.0,127.0,24.0,1
1336,79.0,35.0,24.0,0
1337,45.0,88.0,24.0,1
1338,82.0,127.0,24.0,1
1339,87.0,95.0,24.0,1
1340,122.0,86.0,24.0,1
1341,10.0,74.0,24.0,0
1342,48.0,112.0,24.0,1
1343,25.0,80.0,24.0,1
1344,51.0,102.0,24.0,1
1345,53.0,122.0,24.0,1
1346,109.0,39.0,24.0,1
1347,97.0,164.0,24.0,1
1348,83.0,50.0,24.0,1
1349,62.0,113.0,24.0,1
1350,124.0,99.0,24.0,1
1351,43.0,102.0,24.0,1
1352,109.0,37.0,24.0,0
1353,54.0,106.0,24.0,1
1354,2.0,20.0,24.0,0
1355,13.0,70.0,24.0,0
1356,15.0,70.0,24.0,1
1357,75.0,77.0,24.0,0
1358,75.0,96.0,24.0,1
1359,39.0,78.0,24.0,0
1360,35.0,99.0,24.0,1
1361,35.0,29.0,24.0,1
1362,124.0,115.0,24.0,1
1363,47.0,56.0,24.0,0
1364,103.0,40.0,24.0,1
1365,96.0,47.0,24.0,0
1366,61.0,97.0,24.0,1
1367,89.0,14.0,24.0,1
1368,50.0,77.0,24.0,0
1369,101.0,25.0,24.0,0
1370,123.0,15.0,24.0,1
1371,91.0,146.0,24.0,1
1372,78.0,48.0,24.0,0
1373,92.0,16.0,24.0,0
1374,123.0,139.0,24.0,1
1375,12.0,20.0,24.0,0
1376,105.0,14.0,24.0,0
1377,37.0,104.0,24.0,0
1378,100.0,173.0,24.0,0
1379,59.0,37.0,24.0,1
1380,49.0,59.0,24.0,1
1381,31.0,90.0,24.0,1
1382,98.0,47.0,24.0,1
1383,21.0,18.0,24.0,1
1384,23.0,19.0,24.0,0
1385,43.0,75.0,24.0,0
1386,60.0,68.0,24.0,0
1387,40.0,27.0,24.0,0
1388,75.0,82.0,24.0,1
1389,100.0,1.0,24.0,0
1390,9.0,9.0,24.0,1
1391,1.0,46.0,24.0,1
1392,120.0,45.0,24.0,0
1393,42.0,117.0,24.0,0
1394,73.0,61.0,24.0,0
1395,88.0,60.0,24.0,0
1396,122.0,172.0,24.0,1
1397,83.0,171.0,24.0,1
1398,57.0,150.0,24.0,0
1399,123.0,49.0,24.0,0
1400,107.0,100.0,24.0,1
1401,68.0,108.0,24.0,1
1402,82.0,63.0,24.0,0
1403,70.0,43.0,24.0,1
1404,94.0,176.0,24.0,1
1405,81.0,24.0,24.0,0
1406,29.0,6.0,24.0,0
1407,31.0,103.0,24.0,0
1408,59.0,51.0,24.0,0
1409,63.0,182.0,24.0,0
1410,39.0,15.0,24.0,0
1411,73.0,110.0,24.0,0
1412,119.0,175.0,24.0,0
1413,103.0,10.0,24.0,0
1414,64.0,215.0,24.0,0
1415,110.0,217.0,24.0,0
1416,49.0,219.0,24.0,0
1417,100.0,191.0,24.0,0
1418,61.0,186.0,24.0,0
1419,82.0,131.0,25.0,1
1420,55.0,118.0,25.0,1
1421,117.0,102.0,25.0,1
1422,90.0,102.0,25.0,1
1423,107.0,100.0,25.0,1
1424,79.0,35.0,25.0,1
1425,49.0,89.0,25.0,1
1426,14.0,81.0,25.0,1
1427,124.0,100.0,25.0,1
1428,60.0,131.0,25.0,1
1429,55.0,131.0,25.0,1
1430,26.0,83.0,25.0,1
1431,64.0,115.0,25.0,1
1432,94.0,176.0,25.0,1
1433,44.0,97.0,25.0,1
1434,20.0,94.0,25.0,0
1435,96.0,178.0,25.0,0
1436,50.0,77.0,25.0,0
1437,95.0,85.0,25.0,1
1438,23.0,98.0,25.0,1
1439,75.0,77.0,25.0,0
1440,40.0,90.0,25.0,1
1441,43.0,102.0,25.0,1
1442,92.0,127.0,25.0,1
1443,35.0,29.0,25.0,1
1444,35.0,99.0,25.0,1
1445,96.0,47.0,25.0,1
1446,122.0,86.0,25.0,0
1447,44.0,106.0,25.0,1
1448,10.0,74.0,25.0,0
1449,120.0,85.0,25.0,1
1450,2.0,20.0,25.0,0
1451,39.0,78.0,25.0,0
1452,93.0,38.0,25.0,1
1453,101.0,25.0,25.0,1
1454,56.0,82.0,25.0,1
1455,44.0,115.0,25.0,0
1456,91.0,148.0,25.0,1
1457,88.0,60.0,25.0,1
1458,57.0,150.0,25.0,1
1459,98.0,47.0,25.0,0
1460,12.0,20.0,25.0,0
1461,114.0,132.0,25.0,1
1462,109.0,39.0,25.0,0
1463,31.0,90.0,25.0,0
1464,80.0,90.0,25.0,1
1465,10.0,91.0,25.0,1
1466,17.0,93.0,25.0,0
1467,43.0,75.0,25.0,1
1468,92.0,67.0,25.0,0
1469,40.0,27.0,25.0,1
1470,44.0,127.0,25.0,0
1471,78.0,48.0,25.0,0
1472,23.0,19.0,25.0,0
1473,33.0,77.0,25.0,0
1474,81.0,24.0,25.0,0
1475,97.0,164.0,25.0,1
1476,123.0,49.0,25.0,0
1477,63.0,182.0,25.0,0
1478,100.0,1.0,25.0,0
1479,73.0,61.0,25.0,0
1480,120.0,45.0,25.0,0
1481,59.0,51.0,25.0,0
1482,46.0,36.0,25.0,1
1483,105.0,14.0,25.0,0
1484,29.0,6.0,25.0,0
1485,109.0,144.0,25.0,1
1486,100.0,173.0,25.0,0
1487,123.0,31.0,25.0,0
1488,94.0,7.0,25.0,1
1489,82.0,63.0,25.0,0
1490,39.0,15.0,25.0,0
1491,73.0,110.0,25.0,0
1492,100.0,191.0,25.0,0
1493,110.0,217.0,25.0,0
1494,46.0,158.0,25.0,0
1495,64.0,215.0,25.0,0
1496,61.0,186.0,25.0,0
1497,83.0,132.0,26.0,1
1498,91.0,102.0,26.0,1
1499,55.0,118.0,26.0,1
1500,113.0,132.0,26.0,1
1501,85.0,124.0,26.0,1
1502,68.0,114.0,26.0,0
1503,66.0,113.0,26.0,1
1504,107.0,100.0,26.0,0
1505,79.0,35.0,26.0,0
1506,96.0,178.0,26.0,1
1507,44.0,97.0,26.0,1
1508,20.0,94.0,26.0,0
1509,47.0,109.0,26.0,1
1510,63.0,100.0,26.0,1
1511,121.0,142.0,26.0,1
1512,108.0,103.0,26.0,0
1513,43.0,102.0,26.0,0
1514,94.0,176.0,26.0,0
1515,106.0,132.0,26.0,1
1516,119.0,107.0,26.0,1
1517,102.0,119.0,26.0,1
1518,35.0,99.0,26.0,1
1519,57.0,150.0,26.0,0
1520,50.0,77.0,26.0,1
1521,75.0,77.0,26.0,0
1522,15.0,7.0,26.0,1
1523,44.0,127.0,26.0,0
1524,40.0,90.0,26.0,1
1525,101.0,122.0,26.0,0
1526,2.0,20.0,26.0,0
1527,101.0,99.0,26.0,0
1528,109.0,37.0,26.0,1
1529,17.0,93.0,26.0,1
1530,101.0,25.0,26.0,0
1531,28.0,82.0,26.0,1
1532,124.0,124.0,26.0,1
1533,96.0,81.0,26.0,0
1534,35.0,29.0,26.0,0
1535,109.0,176.0,26.0,1
1536,99.0,37.0,26.0,1
1537,68.0,160.0,26.0,1
1538,42.0,117.0,26.0,0
1539,63.0,182.0,26.0,0
1540,23.0,19.0,26.0,0
1541,73.0,61.0,26.0,0
1542,12.0,20.0,26.0,0
1543,40.0,27.0,26.0,0
1544,31.0,90.0,26.0,0
1545,88.0,60.0,26.0,0
1546,74.0,40.0,26.0,1
1547,98.0,47.0,26.0,0
1548,100.0,1.0,26.0,0
1549,59.0,51.0,26.0,0
1550,92.0,16.0,26.0,0
1551,29.0,6.0,26.0,0
1552,104.0,15.0,26.0,0
1553,81.0,24.0,26.0,0
1554,46.0,158.0,26.0,0
1555,73.0,110.0,26.0,0
1556,100.0,191.0,26.0,0
1557,64.0,215.0,26.0,0
1558,49.0,219.0,26.0,0
1559,124.0,136.0,27.0,1
1560,91.0,130.0,27.0,1
1561,68.0,114.0,27.0,1
1562,106.0,132.0,27.0,1
1563,95.0,105.0,27.0,1
1564,109.0,124.0,27.0,1
1565,114.0,132.0,27.0,1
1566,94.0,176.0,27.0,0
1567,96.0,178.0,27.0,1
1568,121.0,142.0,27.0,1
1569,102.0,119.0,27.0,1
1570,86.0,125.0,27.0,1
1571,88.0,60.0,27.0,1
1572,83.0,132.0,27.0,1
1573,48.0,110.0,27.0,1
1574,44.0,127.0,27.0,1
1575,79.0,35.0,27.0,0
1576,73.0,61.0,27.0,0
1577,66.0,129.0,27.0,1
1578,109.0,39.0,27.0,0
1579,48.0,92.0,27.0,1
1580,44.0,115.0,27.0,0
1581,57.0,150.0,27.0,1
1582,99.0,110.0,27.0,0
1583,113.0,32.0,27.0,1
1584,109.0,37.0,27.0,0
1585,112.0,38.0,27.0,0
1586,88.0,174.0,27.0,1
1587,37.0,104.0,27.0,1
1588,95.0,156.0,27.0,1
1589,2.0,20.0,27.0,0
1590,99.0,37.0,27.0,0
1591,42.0,117.0,27.0,0
1592,36.0,107.0,27.0,1
1593,20.0,94.0,27.0,1
1594,124.0,124.0,27.0,1
1595,50.0,77.0,27.0,0
1596,75.0,77.0,27.0,0
1597,92.0,181.0,27.0,0
1598,101.0,25.0,27.0,0
1599,29.0,6.0,27.0,0
1600,51.0,152.0,27.0,0
1601,59.0,51.0,27.0,0
1602,68.0,159.0,27.0,1
1603,113.0,181.0,27.0,1
1604,105.0,14.0,27.0,1
1605,63.0,182.0,27.0,0
1606,40.0,27.0,27.0,0
1607,117.0,107.0,27.0,1
1608,39.0,15.0,27.0,0
1609,108.0,103.0,27.0,0
1610,92.0,16.0,27.0,0
1611,78.0,127.0,27.0,0
1612,81.0,24.0,27.0,0
1613,14.0,3.0,27.0,0
1614,100.0,1.0,27.0,0
1615,61.0,100.0,27.0,1
1616,64.0,215.0,27.0,0
1617,46.0,158.0,27.0,0
1618,123.0,49.0,27.0,0
1619,49.0,219.0,27.0,0
1620,98.0,220.0,27.0,0
1621,61.0,186.0,27.0,0
1622,99.0,183.0,28.0,1
1623,109.0,121.0,28.0,1
1624,74.0,134.0,28.0,1
1625,122.0,146.0,28.0,1
1626,124.0,126.0,28.0,1
1627,124.0,138.0,28.0,1
1628,79.0,35.0,28.0,0
1629,115.0,32.0,28.0,0
1630,109.0,39.0,28.0,1
1631,80.0,177.0,28.0,1
1632,102.0,164.0,28.0,1
1633,76.0,142.0,28.0,1
1634,96.0,178.0,28.0,1
1635,109.0,37.0,28.0,1
1636,117.0,25.0,28.0,0
1637,94.0,176.0,28.0,0
1638,105.0,134.0,28.0,1
1639,119.0,33.0,28.0,1
1640,109.0,154.0,28.0,1
1641,88.0,60.0,28.0,1
1642,99.0,37.0,28.0,1
1643,97.0,113.0,28.0,1
1644,57.0,150.0,28.0,0
1645,68.0,114.0,28.0,1
1646,42.0,133.0,28.0,1
1647,95.0,105.0,28.0,1
1648,91.0,130.0,28.0,1
1649,66.0,129.0,28.0,1
1650,99.0,110.0,28.0,0
1651,102.0,119.0,28.0,0
1652,101.0,25.0,28.0,0
1653,108.0,167.0,28.0,1
1654,53.0,160.0,28.0,0
1655,50.0,77.0,28.0,0
1656,51.0,134.0,28.0,1
1657,44.0,127.0,28.0,0
1658,122.0,99.0,28.0,1
1659,123.0,31.0,28.0,0
1660,44.0,115.0,28.0,0
1661,78.0,154.0,28.0,1
1662,67.0,151.0,28.0,1
1663,46.0,97.0,28.0,1
1664,42.0,117.0,28.0,1
1665,51.0,152.0,28.0,0
1666,2.0,20.0,28.0,0
1667,37.0,104.0,28.0,1
1668,122.0,86.0,28.0,0
1669,73.0,61.0,28.0,1
1670,104.0,15.0,28.0,0
1671,59.0,51.0,28.0,0
1672,75.0,77.0,28.0,0
1673,100.0,191.0,28.0,0
1674,29.0,6.0,28.0,0
1675,52.0,168.0,28.0,0
1676,118.0,4.0,28.0,0
1677,82.0,63.0,28.0,0
1678,63.0,182.0,28.0,0
1679,81.0,24.0,28.0,0
1680,119.0,175.0,28.0,0
1681,123.0,49.0,28.0,0
1682,40.0,27.0,28.0,0
1683,39.0,15.0,28.0,0
1684,73.0,110.0,28.0,0
1685,49.0,219.0,28.0,0
1686,64.0,215.0,28.0,0
1687,78.0,127.0,28.0,0
1688,98.0,220.0,28.0,0
1689,61.0,186.0,28.0,0
1690,15.0,232.0,28.0,0
1691,98.0,116.0,29.0,1
1692,110.0,122.0,29.0,1
1693,124.0,128.0,29.0,1
1694,115.0,137.0,29.0,1
1695,122.0,146.0,29.0,1
1696,117.0,25.0,29.0,0
1697,97.0,164.0,29.0,1
1698,107.0,135.0,29.0,1
1699,75.0,135.0,29.0,1
1700,102.0,164.0,29.0,0
1701,79.0,35.0,29.0,0
1702,96.0,178.0,29.0,1
1703,51.0,102.0,29.0,1
1704,62.0,152.0,29.0,0
1705,109.0,39.0,29.0,1
1706,115.0,32.0,29.0,1
1707,101.0,25.0,29.0,0
1708,53.0,160.0,29.0,1
1709,99.0,37.0,29.0,1
1710,108.0,155.0,29.0,1
1711,123.0,153.0,29.0,1
1712,62.0,149.0,29.0,1
1713,105.0,14.0,29.0,0
1714,103.0,40.0,29.0,1
1715,42.0,133.0,29.0,1
1716,57.0,150.0,29.0,0
1717,108.0,167.0,29.0,0
1718,119.0,164.0,29.0,1
1719,81.0,178.0,29.0,1
1720,101.0,17.0,29.0,0
1721,75.0,77.0,29.0,0
1722,100.0,191.0,29.0,0
1723,95.0,25.0,29.0,0
1724,2.0,20.0,29.0,0
1725,96.0,133.0,29.0,1
1726,50.0,77.0,29.0,0
1727,107.0,14.0,29.0,0
1728,123.0,31.0,29.0,0
1729,92.0,16.0,29.0,0
1730,44.0,127.0,29.0,0
1731,42.0,142.0,29.0,1
1732,51.0,152.0,29.0,0
1733,58.0,161.0,29.0,0
1734,51.0,134.0,29.0,0
1735,63.0,182.0,29.0,0
1736,64.0,45.0,29.0,0
1737,100.0,1.0,29.0,0
1738,78.0,154.0,29.0,1
1739,52.0,168.0,29.0,0
1740,59.0,51.0,29.0,0
1741,81.0,24.0,29.0,0
1742,29.0,6.0,29.0,0
1743,39.0,15.0,29.0,0
1744,101.0,122.0,29.0,0
1745,122.0,86.0,29.0,0
1746,123.0,49.0,29.0,0
1747,73.0,110.0,29.0,0
1748,23.0,19.0,29.0,0
1749,64.0,215.0,29.0,0
1750,78.0,127.0,29.0,0
1751,49.0,219.0,29.0,0
1752,21.0,212.0,29.0,0
1753,110.0,217.0,29.0,0
1754,61.0,186.0,29.0,0
1755,106.0,127.0,30.0,1
1756,107.0,135.0,30.0,1
1757,110.0,145.0,30.0,1
1758,115.0,138.0,30.0,1
1759,99.0,178.0,30.0,1
1760,97.0,164.0,30.0,1
1761,101.0,25.0,30.0,0
1762,102.0,164.0,30.0,0
1763,105.0,14.0,30.0,0
1764,95.0,156.0,30.0,1
1765,79.0,35.0,30.0,0
1766,117.0,25.0,30.0,0
1767,108.0,155.0,30.0,1
1768,77.0,140.0,30.0,1
1769,114.0,112.0,30.0,1
1770,93.0,190.0,30.0,1
1771,62.0,152.0,30.0,1
1772,99.0,37.0,30.0,0
1773,101.0,17.0,30.0,1
1774,98.0,116.0,30.0,1
1775,109.0,30.0,30.0,1
1776,115.0,32.0,30.0,0
1777,103.0,40.0,30.0,1
1778,119.0,33.0,30.0,1
1779,57.0,150.0,30.0,0
1780,109.0,39.0,30.0,0
1781,108.0,167.0,30.0,0
1782,96.0,143.0,30.0,1
1783,113.0,3.0,30.0,1
1784,68.0,163.0,30.0,1
1785,53.0,160.0,30.0,0
1786,107.0,14.0,30.0,0
1787,115.0,7.0,30.0,0
1788,104.0,180.0,30.0,1
1789,63.0,182.0,30.0,0
1790,62.0,149.0,30.0,1
1791,58.0,161.0,30.0,1
1792,118.0,4.0,30.0,0
1793,50.0,77.0,30.0,1
1794,92.0,16.0,30.0,1
1795,75.0,77.0,30.0,0
1796,121.0,142.0,30.0,0
1797,84.0,175.0,30.0,1
1798,51.0,134.0,30.0,0
1799,100.0,1.0,30.0,0
1800,124.0,115.0,30.0,0
1801,37.0,142.0,30.0,1
1802,81.0,24.0,30.0,0
1803,51.0,152.0,30.0,1
1804,29.0,6.0,30.0,0
1805,57.0,165.0,30.0,0
1806,59.0,51.0,30.0,0
1807,88.0,60.0,30.0,0
1808,2.0,20.0,30.0,0
1809,46.0,158.0,30.0,0
1810,39.0,15.0,30.0,0
1811,73.0,110.0,30.0,0
1812,64.0,215.0,30.0,0
1813,23.0,19.0,30.0,0
1814,49.0,219.0,30.0,0
1815,98.0,220.0,30.0,0
1816,93.0,155.0,31.0,1
1817,95.0,156.0,31.0,0
1818,91.0,190.0,31.0,1
1819,74.0,169.0,31.0,1
1820,117.0,25.0,31.0,1
1821,101.0,25.0,31.0,1
1822,108.0,129.0,31.0,1
1823,79.0,35.0,31.0,0
1824,90.0,142.0,31.0,1
1825,105.0,14.0,31.0,0
1826,103.0,40.0,31.0,0
1827,101.0,17.0,31.0,1
1828,98.0,132.0,31.0,1
1829,109.0,37.0,31.0,1
1830,109.0,39.0,31.0,0
1831,115.0,7.0,31.0,0
1832,76.0,52.0,31.0,1
1833,99.0,37.0,31.0,0
1834,96.0,178.0,31.0,1
1835,113.0,3.0,31.0,1
1836,108.0,155.0,31.0,1
1837,116.0,1.0,31.0,0
1838,118.0,4.0,31.0,1
1839,63.0,182.0,31.0,0
1840,57.0,150.0,31.0,0
1841,121.0,142.0,31.0,1
1842,109.0,144.0,31.0,1
1843,119.0,13.0,31.0,1
1844,94.0,176.0,31.0,0
1845,78.0,48.0,31.0,0
1846,37.0,142.0,31.0,1
1847,100.0,1.0,31.0,0
1848,58.0,104.0,31.0,0
1849,122.0,86.0,31.0,0
1850,50.0,77.0,31.0,0
1851,75.0,77.0,31.0,0
1852,124.0,115.0,31.0,0
1853,59.0,51.0,31.0,0
1854,29.0,6.0,31.0,0
1855,123.0,15.0,31.0,0
1856,51.0,134.0,31.0,0
1857,2.0,20.0,31.0,0
1858,81.0,24.0,31.0,0
1859,39.0,15.0,31.0,0
1860,88.0,60.0,31.0,0
1861,46.0,158.0,31.0,0
1862,73.0,110.0,31.0,0
1863,78.0,127.0,31.0,0
1864,49.0,219.0,31.0,0
1865,123.0,49.0,31.0,0
1866,110.0,217.0,31.0,0
1867,2.0,73.0,31.0,0
1868,64.0,215.0,31.0,0
1869,91.0,153.0,32.0,0
1870,70.0,167.0,32.0,1
1871,76.0,168.0,32.0,1
1872,117.0,25.0,32.0,1
1873,108.0,195.0,32.0,1
1874,82.0,178.0,32.0,1
1875,61.0,100.0,32.0,1
1876,101.0,25.0,32.0,1
1877,77.0,152.0,32.0,1
1878,79.0,35.0,32.0,0
1879,105.0,14.0,32.0,0
1880,90.0,160.0,32.0,1
1881,89.0,189.0,32.0,1
1882,124.0,115.0,32.0,1
1883,96.0,181.0,32.0,1
1884,109.0,39.0,32.0,1
1885,88.0,141.0,32.0,1
1886,103.0,43.0,32.0,1
1887,63.0,65.0,32.0,1
1888,109.0,144.0,32.0,1
1889,113.0,3.0,32.0,0
1890,90.0,166.0,32.0,1
1891,115.0,7.0,32.0,0
1892,107.0,14.0,32.0,0
1893,99.0,37.0,32.0,0
1894,57.0,150.0,32.0,0
1895,118.0,4.0,32.0,1
1896,115.0,32.0,32.0,0
1897,108.0,129.0,32.0,1
1898,112.0,38.0,32.0,0
1899,101.0,17.0,32.0,0
1900,94.0,176.0,32.0,0
1901,100.0,1.0,32.0,0
1902,109.0,37.0,32.0,0
1903,81.0,38.0,32.0,1
1904,101.0,28.0,32.0,0
1905,75.0,77.0,32.0,0
1906,85.0,156.0,32.0,0
1907,50.0,77.0,32.0,0
1908,121.0,142.0,32.0,0
1909,109.0,47.0,32.0,0
1910,63.0,182.0,32.0,0
1911,103.0,10.0,32.0,1
1912,77.0,184.0,32.0,0
1913,60.0,115.0,32.0,1
1914,119.0,33.0,32.0,0
1915,116.0,1.0,32.0,0
1916,122.0,86.0,32.0,0
1917,119.0,13.0,32.0,0
1918,59.0,51.0,32.0,0
1919,51.0,134.0,32.0,0
1920,29.0,6.0,32.0,0
1921,98.0,47.0,32.0,0
1922,81.0,24.0,32.0,0
1923,2.0,20.0,32.0,0
1924,123.0,49.0,32.0,0
1925,73.0,110.0,32.0,1
1926,120.0,45.0,32.0,0
1927,110.0,185.0,32.0,0
1928,39.0,15.0,32.0,0
1929,78.0,127.0,32.0,0
1930,64.0,215.0,32.0,0
1931,40.0,27.0,32.0,0
1932,21.0,212.0,32.0,0
1933,110.0,217.0,32.0,0
1934,93.0,155.0,33.0,1
1935,68.0,157.0,33.0,1
1936,77.0,152.0,33.0,1
1937,70.0,167.0,33.0,1
1938,82.0,180.0,33.0,1
1939,108.0,129.0,33.0,1
1940,110.0,134.0,33.0,1
1941,109.0,144.0,33.0,1
1942,109.0,39.0,33.0,0
1943,105.0,14.0,33.0,0
1944,79.0,35.0,33.0,0
1945,101.0,25.0,33.0,0
1946,83.0,171.0,33.0,1
1947,67.0,149.0,33.0,1
1948,109.0,194.0,33.0,1
1949,98.0,197.0,33.0,1
1950,95.0,180.0,33.0,1
1951,61.0,100.0,33.0,0
1952,109.0,37.0,33.0,0
1953,112.0,38.0,33.0,0
1954,107.0,14.0,33.0,1
1955,77.0,184.0,33.0,0
1956,117.0,25.0,33.0,0
1957,92.0,193.0,33.0,1
1958,63.0,182.0,33.0,0
1959,75.0,77.0,33.0,0
1960,63.0,65.0,33.0,1
1961,50.0,77.0,33.0,0
1962,124.0,115.0,33.0,0
1963,101.0,17.0,33.0,0
1964,100.0,173.0,33.0,1
1965,101.0,28.0,33.0,1
1966,115.0,7.0,33.0,0
1967,57.0,150.0,33.0,0
1968,120.0,45.0,33.0,0
1969,118.0,4.0,33.0,0
1970,94.0,176.0,33.0,0
1971,52.0,168.0,33.0,0
1972,99.0,37.0,33.0,0
1973,2.0,20.0,33.0,0
1974,122.0,86.0,33.0,0
1975,88.0,60.0,33.0,0
1976,100.0,1.0,33.0,0
1977,81.0,24.0,33.0,0
1978,113.0,3.0,33.0,0
1979,29.0,6.0,33.0,0
1980,59.0,51.0,33.0,0
1981,67.0,33.0,33.0,0
1982,121.0,184.0,33.0,1
1983,98.0,47.0,33.0,0
1984,73.0,110.0,33.0,1
1985,123.0,49.0,33.0,0
1986,110.0,74.0,33.0,1
1987,39.0,15.0,33.0,0
1988,78.0,127.0,33.0,0
1989,111.0,130.0,34.0,1
1990,109.0,144.0,34.0,1
1991,83.0,171.0,34.0,1
1992,68.0,154.0,34.0,1
1993,75.0,164.0,34.0,1
1994,77.0,152.0,34.0,1
1995,109.0,39.0,34.0,0
1996,101.0,138.0,34.0,1
1997,103.0,133.0,34.0,1
1998,76.0,173.0,34.0,0
1999,63.0,182.0,34.0,1
2000,79.0,35.0,34.0,0
2001,103.0,43.0,34.0,1
2002,83.0,185.0,34.0,1
2003,105.0,14.0,34.0,0
2004,112.0,75.0,34.0,1
2005,112.0,38.0,34.0,0
2006,109.0,37.0,34.0,1
2007,84.0,181.0,34.0,1
2008,86.0,164.0,34.0,1
2009,66.0,101.0,34.0,1
2010,101.0,25.0,34.0,0
2011,114.0,185.0,34.0,1
2012,52.0,168.0,34.0,1
2013,102.0,182.0,34.0,1
2014,75.0,77.0,34.0,0
2015,57.0,150.0,34.0,0
2016,88.0,198.0,34.0,1
2017,68.0,38.0,34.0,1
2018,57.0,165.0,34.0,0
2019,98.0,197.0,34.0,1
2020,59.0,37.0,34.0,1
2021,120.0,45.0,34.0,0
2022,118.0,169.0,34.0,1
2023,50.0,77.0,34.0,0
2024,81.0,24.0,34.0,0
2025,29.0,6.0,34.0,0
2026,118.0,4.0,34.0,0
2027,100.0,1.0,34.0,0
2028,2.0,20.0,34.0,0
2029,59.0,51.0,34.0,0
2030,73.0,110.0,34.0,0
2031,100.0,173.0,34.0,0
2032,88.0,60.0,34.0,0
2033,123.0,49.0,34.0,0
2034,39.0,15.0,34.0,0
2035,51.0,134.0,34.0,0
2036,92.0,16.0,34.0,0
2037,78.0,127.0,34.0,0
2038,49.0,219.0,34.0,0
2039,8.0,196.0,34.0,0
2040,64.0,215.0,34.0,0
2041,98.0,220.0,34.0,0
2042,67.0,153.0,35.0,1
2043,111.0,127.0,35.0,1
2044,68.0,162.0,35.0,1
2045,75.0,164.0,35.0,1
2046,110.0,145.0,35.0,1
2047,101.0,140.0,35.0,1
2048,68.0,97.0,35.0,1
2049,115.0,187.0,35.0,1
2050,102.0,133.0,35.0,1
2051,66.0,123.0,35.0,1
2052,109.0,39.0,35.0,1
2053,124.0,194.0,35.0,1
2054,63.0,182.0,35.0,1
2055,83.0,171.0,35.0,0
2056,62.0,189.0,35.0,1
2057,79.0,35.0,35.0,1
2058,77.0,181.0,35.0,1
2059,103.0,43.0,35.0,0
2060,109.0,37.0,35.0,1
2061,88.0,198.0,35.0,1
2062,118.0,169.0,35.0,1
2063,112.0,38.0,35.0,0
2064,85.0,163.0,35.0,1
2065,62.0,152.0,35.0,0
2066,77.0,152.0,35.0,1
2067,57.0,165.0,35.0,1
2068,52.0,168.0,35.0,1
2069,110.0,74.0,35.0,1
2070,68.0,114.0,35.0,0
2071,75.0,77.0,35.0,0
2072,50.0,77.0,35.0,0
2073,101.0,25.0,35.0,0
2074,105.0,14.0,35.0,0
2075,57.0,150.0,35.0,0
2076,120.0,45.0,35.0,0
2077,29.0,6.0,35.0,0
2078,115.0,53.0,35.0,0
2079,118.0,4.0,35.0,0
2080,59.0,51.0,35.0,0
2081,81.0,24.0,35.0,0
2082,99.0,72.0,35.0,1
2083,73.0,61.0,35.0,0
2084,2.0,20.0,35.0,0
2085,44.0,106.0,35.0,1
2086,100.0,173.0,35.0,0
2087,59.0,37.0,35.0,0
2088,100.0,1.0,35.0,0
2089,88.0,60.0,35.0,0
2090,92.0,16.0,35.0,0
2091,123.0,49.0,35.0,0
2092,78.0,127.0,35.0,0
2093,122.0,86.0,35.0,0
2094,64.0,215.0,35.0,0
2095,21.0,212.0,35.0,0
2096,67.0,153.0,36.0,1
2097,88.0,168.0,36.0,1
2098,62.0,189.0,36.0,1
2099,68.0,97.0,36.0,1
2100,63.0,182.0,36.0,1
2101,109.0,149.0,36.0,1
2102,67.0,125.0,36.0,1
2103,109.0,39.0,36.0,0
2104,124.0,194.0,36.0,1
2105,101.0,138.0,36.0,1
2106,109.0,144.0,36.0,1
2107,124.0,200.0,36.0,1
2108,108.0,129.0,36.0,1
2109,79.0,35.0,36.0,1
2110,76.0,177.0,36.0,1
2111,52.0,168.0,36.0,1
2112,83.0,171.0,36.0,1
2113,88.0,198.0,36.0,1
2114,109.0,37.0,36.0,0
2115,112.0,38.0,36.0,0
2116,106.0,201.0,36.0,1
2117,117.0,202.0,36.0,1
2118,68.0,114.0,36.0,1
2119,70.0,186.0,36.0,0
2120,100.0,173.0,36.0,0
2121,94.0,176.0,36.0,0
2122,116.0,187.0,36.0,1
2123,57.0,165.0,36.0,1
2124,118.0,169.0,36.0,0
2125,50.0,77.0,36.0,1
2126,75.0,77.0,36.0,0
2127,102.0,164.0,36.0,0
2128,59.0,51.0,36.0,0
2129,57.0,150.0,36.0,0
2130,81.0,24.0,36.0,0
2131,104.0,15.0,36.0,1
2132,29.0,6.0,36.0,0
2133,101.0,25.0,36.0,0
2134,64.0,215.0,36.0,0
2135,92.0,16.0,36.0,0
2136,118.0,4.0,36.0,0
2137,88.0,60.0,36.0,0
2138,99.0,72.0,36.0,1
2139,123.0,49.0,36.0,0
2140,39.0,15.0,36.0,0
2141,110.0,217.0,36.0,0
2142,2.0,20.0,36.0,0
2143,78.0,127.0,36.0,0
2144,16.0,160.0,36.0,0
2145,49.0,219.0,36.0,0
2146,21.0,212.0,36.0,0
2147,2.0,73.0,36.0,0
2148,63.0,182.0,37.0,1
2149,88.0,170.0,37.0,1
2150,68.0,151.0,37.0,1
2151,62.0,189.0,37.0,1
2152,88.0,198.0,37.0,1
2153,79.0,35.0,37.0,1
2154,109.0,39.0,37.0,1
2155,106.0,201.0,37.0,1
2156,52.0,168.0,37.0,1
2157,76.0,169.0,37.0,1
2158,69.0,90.0,37.0,1
2159,110.0,185.0,37.0,1
2160,68.0,185.0,37.0,1
2161,75.0,77.0,37.0,0
2162,102.0,164.0,37.0,1
2163,109.0,37.0,37.0,0
2164,50.0,77.0,37.0,0
2165,100.0,173.0,37.0,1
2166,94.0,176.0,37.0,1
2167,111.0,209.0,37.0,0
2168,112.0,38.0,37.0,1
2169,2.0,20.0,37.0,0
2170,83.0,171.0,37.0,0
2171,59.0,51.0,37.0,0
2172,57.0,150.0,37.0,0
2173,29.0,6.0,37.0,0
2174,100.0,191.0,37.0,0
2175,108.0,129.0,37.0,0
2176,68.0,114.0,37.0,0
2177,81.0,24.0,37.0,0
2178,88.0,60.0,37.0,0
2179,101.0,25.0,37.0,0
2180,92.0,16.0,37.0,0
2181,78.0,127.0,37.0,0
2182,64.0,215.0,37.0,0
2183,39.0,15.0,37.0,0
2184,121.0,224.0,37.0,0
2185,98.0,220.0,37.0,0
2186,49.0,219.0,37.0,0
2187,113.0,187.0,38.0,1
2188,88.0,198.0,38.0,1
2189,63.0,182.0,38.0,0
2190,79.0,35.0,38.0,1
2191,75.0,77.0,38.0,1
2192,76.0,169.0,38.0,1
2193,100.0,158.0,38.0,1
2194,52.0,168.0,38.0,0
2195,57.0,178.0,38.0,1
2196,111.0,209.0,38.0,0
2197,111.0,204.0,38.0,1
2198,100.0,191.0,38.0,1
2199,59.0,51.0,38.0,0
2200,100.0,173.0,38.0,1
2201,113.0,173.0,38.0,1
2202,50.0,77.0,38.0,0
2203,83.0,185.0,38.0,1
2204,111.0,37.0,38.0,1
2205,29.0,6.0,38.0,0
2206,81.0,24.0,38.0,0
2207,58.0,104.0,38.0,1
2208,2.0,20.0,38.0,0
2209,57.0,150.0,38.0,0
2210,70.0,186.0,38.0,0
2211,73.0,110.0,38.0,0
2212,88.0,60.0,38.0,0
2213,101.0,25.0,38.0,0
2214,64.0,215.0,38.0,0
2215,92.0,16.0,38.0,0
2216,46.0,158.0,38.0,0
2217,78.0,127.0,38.0,0
2218,123.0,49.0,38.0,0
2219,113.0,173.0,39.0,1
2220,111.0,188.0,39.0,1
2221,90.0,194.0,39.0,1
2222,63.0,182.0,39.0,0
2223,75.0,77.0,39.0,0
2224,50.0,77.0,39.0,0
2225,121.0,142.0,39.0,1
2226,57.0,178.0,39.0,1
2227,109.0,37.0,39.0,1
2228,78.0,170.0,39.0,1
2229,59.0,51.0,39.0,0
2230,2.0,20.0,39.0,0
2231,29.0,6.0,39.0,0
2232,52.0,168.0,39.0,0
2233,58.0,104.0,39.0,1
2234,81.0,24.0,39.0,0
2235,92.0,16.0,39.0,0
2236,108.0,129.0,39.0,0
2237,57.0,150.0,39.0,0
2238,64.0,215.0,39.0,0
2239,86.0,164.0,39.0,1
2240,46.0,158.0,39.0,0
2241,118.0,4.0,39.0,0
2242,49.0,219.0,39.0,0
2243,39.0,15.0,39.0,0
2244,2.0,73.0,39.0,0
2245,78.0,127.0,39.0,0
2246,98.0,220.0,39.0,0
2247,21.0,212.0,39.0,0
2248,113.0,173.0,40.0,1
2249,63.0,182.0,40.0,0
2250,109.0,37.0,40.0,1
2251,119.0,175.0,40.0,1
2252,112.0,38.0,40.0,1
2253,109.0,144.0,40.0,1
2254,104.0,199.0,40.0,1
2255,109.0,39.0,40.0,0
2256,50.0,77.0,40.0,0
2257,75.0,77.0,40.0,0
2258,59.0,51.0,40.0,0
2259,64.0,98.0,40.0,1
2260,57.0,150.0,40.0,0
2261,29.0,6.0,40.0,0
2262,2.0,20.0,40.0,0
2263,118.0,4.0,40.0,1
2264,92.0,16.0,40.0,0
2265,88.0,60.0,40.0,0
2266,64.0,215.0,40.0,0
2267,78.0,127.0,40.0,0
2268,73.0,110.0,40.0,0
2269,81.0,24.0,40.0,0
2270,123.0,49.0,40.0,0
2271,81.0,16.0,40.0,0
2272,98.0,220.0,40.0,0
2273,110.0,217.0,40.0,0
2274,39.0,15.0,40.0,0
2275,21.0,212.0,40.0,0
2276,75.0,77.0,41.0,0
2277,101.0,25.0,41.0,0
2278,105.0,14.0,41.0,0
2279,79.0,35.0,41.0,0
2280,109.0,39.0,41.0,0
2281,109.0,37.0,41.0,1
2282,50.0,77.0,41.0,0
2283,81.0,24.0,41.0,0
2284,63.0,182.0,41.0,0
2285,59.0,51.0,41.0,0
2286,88.0,60.0,41.0,0
2287,109.0,144.0,41.0,1
2288,100.0,1.0,41.0,0
2289,2.0,20.0,41.0,0
2290,29.0,6.0,41.0,0
2291,57.0,150.0,41.0,0
2292,73.0,61.0,41.0,0
2293,105.0,85.0,41.0,0
2294,92.0,16.0,41.0,0
2295,123.0,49.0,41.0,0
2296,12.0,20.0,41.0,0
2297,100.0,191.0,41.0,0
2298,73.0,110.0,41.0,0
2299,61.0,100.0,41.0,1
2300,46.0,158.0,41.0,0
2301,49.0,219.0,41.0,0
2302,110.0,217.0,41.0,0
2303,78.0,127.0,41.0,0
