index,axis-0,axis-1,axis-2,label
0,0.0,50.0,77.0,0.0
1,0.0,63.0,182.0,0.0
2,0.0,59.0,51.0,0.0
3,0.0,29.0,6.0,0.0
4,0.0,2.0,20.0,0.0
5,0.0,73.0,110.0,0.0
6,0.0,92.0,16.0,0.0
7,0.0,46.0,158.0,0.0
8,0.0,75.0,77.0,0.0
9,0.0,100.0,191.0,0.0
10,0.0,64.0,215.0,0.0
11,0.0,57.0,150.0,0.0
12,0.0,49.0,219.0,0.0
13,0.0,88.0,60.0,0.0
14,0.0,97.0,27.0,0.0
15,0.0,61.0,186.0,0.0
16,0.0,78.0,127.0,0.0
17,0.0,101.0,25.0,0.0
18,0.0,1.0,166.0,0.0
19,0.0,110.0,217.0,0.0
20,0.0,23.0,19.0,0.0
21,0.0,100.0,173.0,0.0
22,0.0,81.0,16.0,0.0
23,0.0,83.0,130.0,0.0
24,1.0,50.0,77.0,0.0
25,1.0,75.0,77.0,0.0
26,1.0,124.0,0.0,1.0
27,1.0,29.0,6.0,0.0
28,1.0,59.0,51.0,0.0
29,1.0,2.0,20.0,0.0
30,1.0,64.0,215.0,0.0
31,1.0,63.0,182.0,0.0
32,1.0,92.0,16.0,0.0
33,1.0,46.0,158.0,0.0
34,1.0,49.0,219.0,0.0
35,1.0,100.0,191.0,0.0
36,1.0,61.0,186.0,0.0
37,1.0,78.0,127.0,0.0
38,1.0,73.0,110.0,0.0
39,1.0,88.0,60.0,0.0
40,1.0,27.0,153.0,0.0
41,1.0,39.0,15.0,0.0
42,1.0,100.0,173.0,0.0
43,1.0,98.0,220.0,0.0
44,2.0,113.0,3.0,1.0
45,2.0,115.0,7.0,1.0
46,2.0,124.0,12.0,1.0
47,2.0,116.0,1.0,1.0
48,2.0,50.0,77.0,0.0
49,2.0,63.0,182.0,0.0
50,2.0,29.0,6.0,0.0
51,2.0,59.0,51.0,0.0
52,2.0,75.0,77.0,0.0
53,2.0,81.0,24.0,0.0
54,2.0,46.0,158.0,0.0
55,2.0,92.0,16.0,0.0
56,2.0,88.0,60.0,0.0
57,2.0,101.0,25.0,0.0
58,2.0,64.0,215.0,0.0
59,2.0,2.0,20.0,0.0
60,2.0,73.0,110.0,0.0
61,2.0,100.0,191.0,0.0
62,2.0,110.0,217.0,0.0
63,2.0,1.0,166.0,0.0
64,2.0,27.0,153.0,0.0
65,2.0,39.0,15.0,0.0
66,2.0,123.0,71.0,0.0
67,2.0,100.0,173.0,0.0
68,2.0,49.0,219.0,0.0
69,2.0,57.0,150.0,0.0
70,2.0,78.0,127.0,0.0
71,2.0,83.0,130.0,0.0
72,3.0,124.0,12.0,1.0
73,3.0,123.0,15.0,1.0
74,3.0,113.0,3.0,1.0
75,3.0,115.0,7.0,1.0
76,3.0,118.0,4.0,2.0
77,3.0,75.0,77.0,0.0
78,3.0,50.0,77.0,0.0
79,3.0,107.0,14.0,1.0
80,3.0,63.0,182.0,0.0
81,3.0,29.0,6.0,0.0
82,3.0,79.0,0.0,1.0
83,3.0,105.0,14.0,0.0
84,3.0,59.0,51.0,0.0
85,3.0,100.0,1.0,0.0
86,3.0,73.0,110.0,0.0
87,3.0,64.0,215.0,0.0
88,3.0,88.0,60.0,0.0
89,3.0,39.0,15.0,0.0
90,3.0,2.0,20.0,0.0
91,3.0,46.0,158.0,0.0
92,3.0,100.0,191.0,0.0
93,3.0,92.0,16.0,0.0
94,3.0,97.0,27.0,0.0
95,3.0,1.0,166.0,0.0
96,3.0,78.0,127.0,0.0
97,3.0,61.0,186.0,0.0
98,4.0,78.0,1.0,1.0
99,4.0,124.0,12.0,1.0
100,4.0,80.0,2.0,1.0
101,4.0,123.0,15.0,2.0
102,4.0,85.0,0.0,1.0
103,4.0,105.0,14.0,2.0
104,4.0,50.0,77.0,0.0
105,4.0,107.0,14.0,1.0
106,4.0,75.0,77.0,0.0
107,4.0,59.0,51.0,0.0
108,4.0,29.0,6.0,0.0
109,4.0,101.0,25.0,1.0
110,4.0,63.0,182.0,0.0
111,4.0,92.0,16.0,1.0
112,4.0,2.0,20.0,0.0
113,4.0,46.0,158.0,0.0
114,4.0,39.0,15.0,0.0
115,4.0,100.0,1.0,0.0
116,4.0,64.0,215.0,0.0
117,4.0,88.0,60.0,0.0
118,4.0,57.0,150.0,0.0
119,4.0,73.0,110.0,0.0
120,4.0,78.0,127.0,0.0
121,4.0,61.0,186.0,0.0
122,4.0,100.0,191.0,0.0
123,4.0,83.0,185.0,0.0
124,5.0,117.0,25.0,1.0
125,5.0,101.0,25.0,1.0
126,5.0,78.0,1.0,1.0
127,5.0,80.0,2.0,1.0
128,5.0,107.0,23.0,1.0
129,5.0,123.0,31.0,2.0
130,5.0,81.0,9.0,1.0
131,5.0,50.0,77.0,0.0
132,5.0,2.0,20.0,0.0
133,5.0,119.0,33.0,1.0
134,5.0,100.0,1.0,1.0
135,5.0,63.0,182.0,0.0
136,5.0,75.0,77.0,0.0
137,5.0,59.0,51.0,0.0
138,5.0,29.0,6.0,0.0
139,5.0,57.0,150.0,0.0
140,5.0,46.0,158.0,0.0
141,5.0,64.0,215.0,0.0
142,5.0,78.0,127.0,0.0
143,5.0,49.0,219.0,0.0
144,5.0,110.0,217.0,0.0
145,5.0,39.0,15.0,0.0
146,5.0,100.0,191.0,0.0
147,5.0,23.0,19.0,0.0
148,5.0,73.0,110.0,0.0
149,5.0,76.0,174.0,0.0
150,5.0,61.0,186.0,0.0
151,5.0,27.0,153.0,0.0
152,6.0,101.0,25.0,1.0
153,6.0,120.0,45.0,1.0
154,6.0,100.0,1.0,1.0
155,6.0,115.0,32.0,1.0
156,6.0,123.0,31.0,1.0
157,6.0,119.0,33.0,2.0
158,6.0,95.0,25.0,1.0
159,6.0,66.0,4.0,1.0
160,6.0,101.0,28.0,1.0
161,6.0,78.0,10.0,1.0
162,6.0,117.0,25.0,2.0
163,6.0,107.0,23.0,1.0
164,6.0,113.0,29.0,1.0
165,6.0,50.0,77.0,0.0
166,6.0,75.0,77.0,0.0
167,6.0,29.0,6.0,0.0
168,6.0,63.0,182.0,0.0
169,6.0,2.0,20.0,0.0
170,6.0,59.0,51.0,0.0
171,6.0,80.0,15.0,2.0
172,6.0,39.0,15.0,0.0
173,6.0,118.0,4.0,2.0
174,6.0,49.0,219.0,0.0
175,6.0,81.0,24.0,0.0
176,6.0,46.0,158.0,0.0
177,6.0,64.0,215.0,0.0
178,6.0,78.0,127.0,0.0
179,6.0,88.0,60.0,0.0
180,6.0,23.0,19.0,0.0
181,6.0,61.0,186.0,0.0
182,6.0,27.0,153.0,0.0
183,6.0,57.0,150.0,0.0
184,6.0,2.0,73.0,0.0
185,6.0,21.0,212.0,0.0
186,7.0,100.0,1.0,1.0
187,7.0,120.0,45.0,1.0
188,7.0,109.0,39.0,1.0
189,7.0,109.0,37.0,1.0
190,7.0,101.0,25.0,1.0
191,7.0,66.0,4.0,1.0
192,7.0,99.0,37.0,1.0
193,7.0,123.0,31.0,1.0
194,7.0,119.0,33.0,1.0
195,7.0,115.0,32.0,0.0
196,7.0,54.0,2.0,1.0
197,7.0,101.0,28.0,1.0
198,7.0,50.0,77.0,0.0
199,7.0,59.0,51.0,0.0
200,7.0,81.0,24.0,0.0
201,7.0,63.0,182.0,0.0
202,7.0,118.0,4.0,1.0
203,7.0,75.0,77.0,0.0
204,7.0,2.0,20.0,0.0
205,7.0,115.0,7.0,1.0
206,7.0,29.0,6.0,0.0
207,7.0,92.0,16.0,0.0
208,7.0,57.0,150.0,0.0
209,7.0,122.0,70.0,1.0
210,7.0,46.0,158.0,0.0
211,7.0,73.0,110.0,0.0
212,7.0,49.0,219.0,0.0
213,7.0,88.0,60.0,0.0
214,7.0,100.0,191.0,0.0
215,7.0,23.0,19.0,0.0
216,7.0,21.0,212.0,0.0
217,7.0,94.0,176.0,0.0
218,7.0,78.0,127.0,0.0
219,7.0,27.0,153.0,0.0
220,7.0,83.0,185.0,0.0
221,8.0,115.0,69.0,1.0
222,8.0,109.0,39.0,1.0
223,8.0,100.0,1.0,1.0
224,8.0,120.0,45.0,1.0
225,8.0,103.0,40.0,1.0
226,8.0,103.0,43.0,1.0
227,8.0,112.0,38.0,1.0
228,8.0,109.0,37.0,2.0
229,8.0,123.0,49.0,1.0
230,8.0,99.0,37.0,1.0
231,8.0,81.0,24.0,0.0
232,8.0,114.0,43.0,1.0
233,8.0,98.0,8.0,1.0
234,8.0,113.0,50.0,1.0
235,8.0,54.0,2.0,1.0
236,8.0,99.0,13.0,1.0
237,8.0,65.0,11.0,1.0
238,8.0,59.0,9.0,1.0
239,8.0,101.0,25.0,0.0
240,8.0,105.0,14.0,0.0
241,8.0,103.0,10.0,2.0
242,8.0,50.0,77.0,0.0
243,8.0,74.0,18.0,0.0
244,8.0,59.0,51.0,0.0
245,8.0,29.0,6.0,0.0
246,8.0,75.0,77.0,0.0
247,8.0,2.0,20.0,0.0
248,8.0,63.0,182.0,0.0
249,8.0,64.0,215.0,0.0
250,8.0,46.0,158.0,0.0
251,8.0,49.0,219.0,0.0
252,8.0,100.0,191.0,0.0
253,8.0,88.0,60.0,0.0
254,8.0,73.0,110.0,0.0
255,8.0,57.0,150.0,0.0
256,8.0,61.0,186.0,0.0
257,8.0,2.0,73.0,0.0
258,8.0,100.0,173.0,0.0
259,8.0,3.0,127.0,0.0
260,9.0,112.0,68.0,1.0
261,9.0,82.0,31.0,1.0
262,9.0,120.0,45.0,1.0
263,9.0,79.0,35.0,0.0
264,9.0,103.0,40.0,2.0
265,9.0,113.0,50.0,1.0
266,9.0,60.0,19.0,1.0
267,9.0,34.0,1.0,1.0
268,9.0,31.0,2.0,1.0
269,9.0,105.0,14.0,0.0
270,9.0,103.0,43.0,1.0
271,9.0,81.0,24.0,0.0
272,9.0,99.0,37.0,1.0
273,9.0,109.0,39.0,0.0
274,9.0,99.0,13.0,1.0
275,9.0,98.0,8.0,1.0
276,9.0,51.0,13.0,1.0
277,9.0,100.0,1.0,0.0
278,9.0,107.0,52.0,0.0
279,9.0,42.0,10.0,1.0
280,9.0,98.0,47.0,1.0
281,9.0,101.0,25.0,3.0
282,9.0,50.0,77.0,0.0
283,9.0,63.0,182.0,0.0
284,9.0,118.0,4.0,0.0
285,9.0,75.0,77.0,0.0
286,9.0,29.0,6.0,2.0
287,9.0,59.0,51.0,0.0
288,9.0,2.0,20.0,0.0
289,9.0,119.0,13.0,1.0
290,9.0,88.0,60.0,0.0
291,9.0,100.0,191.0,0.0
292,9.0,23.0,19.0,0.0
293,9.0,64.0,215.0,0.0
294,9.0,16.0,0.0,0.0
295,9.0,61.0,186.0,0.0
296,9.0,78.0,127.0,0.0
297,9.0,1.0,166.0,0.0
298,9.0,73.0,110.0,0.0
299,9.0,49.0,219.0,0.0
300,9.0,21.0,212.0,0.0
301,9.0,49.0,59.0,0.0
302,10.0,112.0,70.0,1.0
303,10.0,79.0,35.0,2.0
304,10.0,82.0,31.0,1.0
305,10.0,51.0,13.0,1.0
306,10.0,115.0,55.0,1.0
307,10.0,31.0,2.0,1.0
308,10.0,116.0,37.0,1.0
309,10.0,123.0,38.0,1.0
310,10.0,103.0,43.0,2.0
311,10.0,120.0,45.0,0.0
312,10.0,58.0,20.0,1.0
313,10.0,42.0,10.0,1.0
314,10.0,107.0,52.0,1.0
315,10.0,96.0,47.0,1.0
316,10.0,34.0,1.0,1.0
317,10.0,81.0,38.0,3.0
318,10.0,123.0,49.0,1.0
319,10.0,105.0,14.0,0.0
320,10.0,100.0,51.0,1.0
321,10.0,124.0,80.0,1.0
322,10.0,69.0,23.0,1.0
323,10.0,94.0,58.0,0.0
324,10.0,100.0,1.0,0.0
325,10.0,123.0,71.0,1.0
326,10.0,84.0,56.0,1.0
327,10.0,81.0,24.0,0.0
328,10.0,101.0,25.0,1.0
329,10.0,75.0,39.0,1.0
330,10.0,104.0,31.0,1.0
331,10.0,119.0,13.0,1.0
332,10.0,29.0,6.0,1.0
333,10.0,74.0,34.0,1.0
334,10.0,88.0,60.0,0.0
335,10.0,92.0,16.0,1.0
336,10.0,118.0,4.0,1.0
337,10.0,50.0,77.0,0.0
338,10.0,63.0,182.0,0.0
339,10.0,2.0,20.0,0.0
340,10.0,75.0,77.0,2.0
341,10.0,59.0,51.0,0.0
342,10.0,103.0,10.0,0.0
343,10.0,73.0,110.0,0.0
344,10.0,46.0,158.0,0.0
345,10.0,78.0,127.0,0.0
346,10.0,61.0,186.0,0.0
347,10.0,23.0,19.0,0.0
348,10.0,100.0,191.0,0.0
349,10.0,1.0,166.0,0.0
350,10.0,64.0,215.0,0.0
351,10.0,57.0,150.0,0.0
352,10.0,83.0,185.0,0.0
353,10.0,94.0,176.0,0.0
354,11.0,105.0,43.0,1.0
355,11.0,96.0,58.0,1.0
356,11.0,107.0,52.0,1.0
357,11.0,118.0,56.0,1.0
358,11.0,83.0,62.0,1.0
359,11.0,79.0,35.0,1.0
360,11.0,51.0,13.0,1.0
361,11.0,88.0,60.0,1.0
362,11.0,86.0,52.0,1.0
363,11.0,31.0,2.0,1.0
364,11.0,123.0,38.0,1.0
365,11.0,83.0,50.0,1.0
366,11.0,112.0,70.0,1.0
367,11.0,104.0,31.0,1.0
368,11.0,96.0,47.0,1.0
369,11.0,40.0,15.0,1.0
370,11.0,105.0,14.0,0.0
371,11.0,58.0,20.0,1.0
372,11.0,34.0,1.0,2.0
373,11.0,68.0,38.0,1.0
374,11.0,81.0,38.0,1.0
375,11.0,84.0,56.0,0.0
376,11.0,123.0,49.0,2.0
377,11.0,122.0,80.0,1.0
378,11.0,106.0,65.0,1.0
379,11.0,81.0,24.0,0.0
380,11.0,99.0,72.0,1.0
381,11.0,105.0,85.0,2.0
382,11.0,92.0,67.0,1.0
383,11.0,69.0,23.0,1.0
384,11.0,108.0,82.0,1.0
385,11.0,42.0,10.0,1.0
386,11.0,82.0,31.0,2.0
387,11.0,101.0,25.0,2.0
388,11.0,59.0,37.0,0.0
389,11.0,120.0,45.0,0.0
390,11.0,16.0,0.0,0.0
391,11.0,50.0,77.0,0.0
392,11.0,94.0,7.0,1.0
393,11.0,92.0,18.0,1.0
394,11.0,100.0,1.0,0.0
395,11.0,2.0,20.0,0.0
396,11.0,75.0,77.0,1.0
397,11.0,103.0,10.0,0.0
398,11.0,81.0,27.0,2.0
399,11.0,59.0,51.0,0.0
400,11.0,63.0,182.0,0.0
401,11.0,118.0,4.0,0.0
402,11.0,100.0,191.0,0.0
403,11.0,64.0,215.0,0.0
404,11.0,73.0,110.0,0.0
405,11.0,49.0,219.0,0.0
406,11.0,78.0,127.0,0.0
407,11.0,57.0,150.0,0.0
408,11.0,61.0,186.0,0.0
409,11.0,27.0,153.0,0.0
410,11.0,100.0,173.0,0.0
411,12.0,88.0,81.0,1.0
412,12.0,89.0,50.0,1.0
413,12.0,106.0,43.0,1.0
414,12.0,93.0,82.0,1.0
415,12.0,79.0,35.0,1.0
416,12.0,116.0,71.0,1.0
417,12.0,80.0,62.0,1.0
418,12.0,83.0,50.0,1.0
419,12.0,112.0,70.0,1.0
420,12.0,119.0,37.0,1.0
421,12.0,73.0,61.0,1.0
422,12.0,85.0,70.0,1.0
423,12.0,105.0,85.0,0.0
424,12.0,118.0,79.0,1.0
425,12.0,59.0,37.0,1.0
426,12.0,81.0,24.0,1.0
427,12.0,96.0,47.0,1.0
428,12.0,31.0,2.0,2.0
429,12.0,86.0,60.0,0.0
430,12.0,78.0,48.0,1.0
431,12.0,40.0,15.0,0.0
432,12.0,105.0,14.0,2.0
433,12.0,80.0,15.0,1.0
434,12.0,113.0,50.0,1.0
435,12.0,88.0,60.0,0.0
436,12.0,94.0,58.0,1.0
437,12.0,81.0,38.0,1.0
438,12.0,58.0,20.0,2.0
439,12.0,123.0,31.0,1.0
440,12.0,31.0,12.0,1.0
441,12.0,107.0,14.0,1.0
442,12.0,111.0,86.0,0.0
443,12.0,122.0,56.0,1.0
444,12.0,23.0,8.0,0.0
445,12.0,16.0,0.0,0.0
446,12.0,75.0,77.0,3.0
447,12.0,100.0,1.0,2.0
448,12.0,29.0,6.0,1.0
449,12.0,123.0,49.0,0.0
450,12.0,122.0,93.0,1.0
451,12.0,101.0,25.0,0.0
452,12.0,82.0,26.0,1.0
453,12.0,92.0,18.0,2.0
454,12.0,92.0,67.0,0.0
455,12.0,2.0,20.0,0.0
456,12.0,50.0,77.0,0.0
457,12.0,40.0,27.0,0.0
458,12.0,111.0,3.0,1.0
459,12.0,98.0,8.0,1.0
460,12.0,120.0,45.0,0.0
461,12.0,59.0,51.0,0.0
462,12.0,63.0,182.0,0.0
463,12.0,46.0,158.0,0.0
464,12.0,73.0,110.0,0.0
465,12.0,61.0,186.0,0.0
466,12.0,78.0,127.0,0.0
467,12.0,64.0,215.0,0.0
468,12.0,98.0,220.0,0.0
469,12.0,100.0,191.0,0.0
470,12.0,49.0,219.0,0.0
471,12.0,57.0,150.0,0.0
472,13.0,111.0,81.0,1.0
473,13.0,113.0,50.0,1.0
474,13.0,88.0,81.0,1.0
475,13.0,82.0,58.0,1.0
476,13.0,76.0,56.0,1.0
477,13.0,78.0,48.0,1.0
478,13.0,68.0,56.0,1.0
479,13.0,117.0,70.0,1.0
480,13.0,100.0,41.0,1.0
481,13.0,73.0,61.0,3.0
482,13.0,89.0,50.0,1.0
483,13.0,79.0,35.0,1.0
484,13.0,80.0,64.0,1.0
485,13.0,80.0,15.0,1.0
486,13.0,75.0,77.0,0.0
487,13.0,105.0,85.0,1.0
488,13.0,119.0,38.0,1.0
489,13.0,59.0,37.0,1.0
490,13.0,105.0,14.0,0.0
491,13.0,96.0,47.0,1.0
492,13.0,40.0,27.0,1.0
493,13.0,107.0,14.0,1.0
494,13.0,116.0,109.0,1.0
495,13.0,119.0,61.0,1.0
496,13.0,59.0,28.0,1.0
497,13.0,81.0,24.0,0.0
498,13.0,122.0,86.0,2.0
499,13.0,39.0,15.0,1.0
500,13.0,35.0,29.0,0.0
501,13.0,108.0,103.0,0.0
502,13.0,86.0,75.0,0.0
503,13.0,124.0,106.0,1.0
504,13.0,67.0,33.0,1.0
505,13.0,23.0,8.0,1.0
506,13.0,120.0,85.0,1.0
507,13.0,101.0,25.0,1.0
508,13.0,100.0,1.0,1.0
509,13.0,31.0,12.0,1.0
510,13.0,16.0,0.0,1.0
511,13.0,46.0,36.0,0.0
512,13.0,117.0,102.0,0.0
513,13.0,29.0,6.0,1.0
514,13.0,123.0,49.0,0.0
515,13.0,123.0,31.0,2.0
516,13.0,92.0,18.0,2.0
517,13.0,50.0,77.0,0.0
518,13.0,63.0,182.0,0.0
519,13.0,2.0,20.0,0.0
520,13.0,46.0,158.0,0.0
521,13.0,73.0,110.0,0.0
522,13.0,100.0,191.0,0.0
523,13.0,64.0,215.0,0.0
524,13.0,49.0,219.0,0.0
525,13.0,78.0,127.0,0.0
526,13.0,1.0,166.0,0.0
527,13.0,100.0,173.0,0.0
528,13.0,61.0,186.0,0.0
529,13.0,98.0,220.0,0.0
530,13.0,68.0,118.0,0.0
531,14.0,87.0,89.0,1.0
532,14.0,85.0,78.0,1.0
533,14.0,118.0,68.0,1.0
534,14.0,118.0,51.0,1.0
535,14.0,101.0,85.0,1.0
536,14.0,119.0,61.0,1.0
537,14.0,73.0,61.0,1.0
538,14.0,84.0,42.0,1.0
539,14.0,78.0,48.0,1.0
540,14.0,77.0,57.0,2.0
541,14.0,75.0,77.0,1.0
542,14.0,80.0,64.0,1.0
543,14.0,105.0,14.0,0.0
544,14.0,101.0,25.0,1.0
545,14.0,79.0,35.0,0.0
546,14.0,101.0,17.0,1.0
547,14.0,110.0,44.0,1.0
548,14.0,124.0,115.0,1.0
549,14.0,20.0,4.0,1.0
550,14.0,113.0,50.0,2.0
551,14.0,59.0,37.0,1.0
552,14.0,103.0,43.0,1.0
553,14.0,75.0,28.0,1.0
554,14.0,107.0,14.0,0.0
555,14.0,80.0,15.0,0.0
556,14.0,115.0,114.0,1.0
557,14.0,86.0,60.0,2.0
558,14.0,104.0,3.0,1.0
559,14.0,40.0,27.0,0.0
560,14.0,88.0,60.0,1.0
561,14.0,35.0,29.0,0.0
562,14.0,16.0,0.0,0.0
563,14.0,84.0,56.0,0.0
564,14.0,65.0,51.0,0.0
565,14.0,55.0,36.0,1.0
566,14.0,124.0,106.0,0.0
567,14.0,23.0,8.0,1.0
568,14.0,25.0,25.0,1.0
569,14.0,23.0,19.0,1.0
570,14.0,46.0,36.0,1.0
571,14.0,21.0,18.0,2.0
572,14.0,67.0,33.0,0.0
573,14.0,96.0,47.0,2.0
574,14.0,38.0,22.0,1.0
575,14.0,82.0,55.0,0.0
576,14.0,81.0,24.0,0.0
577,14.0,38.0,35.0,1.0
578,14.0,95.0,51.0,1.0
579,14.0,2.0,20.0,0.0
580,14.0,41.0,34.0,2.0
581,14.0,122.0,86.0,0.0
582,14.0,68.0,38.0,0.0
583,14.0,31.0,12.0,1.0
584,14.0,108.0,103.0,0.0
585,14.0,50.0,77.0,0.0
586,14.0,74.0,18.0,0.0
587,14.0,109.0,30.0,1.0
588,14.0,29.0,6.0,0.0
589,14.0,79.0,0.0,0.0
590,14.0,89.0,14.0,1.0
591,14.0,123.0,49.0,2.0
592,14.0,63.0,182.0,0.0
593,14.0,57.0,150.0,0.0
594,14.0,123.0,31.0,0.0
595,14.0,46.0,158.0,0.0
596,14.0,110.0,217.0,0.0
597,14.0,64.0,215.0,0.0
598,14.0,49.0,219.0,0.0
599,14.0,100.0,191.0,0.0
600,14.0,78.0,127.0,0.0
601,14.0,98.0,220.0,0.0
602,14.0,61.0,186.0,0.0
603,15.0,109.0,84.0,1.0
604,15.0,118.0,75.0,1.0
605,15.0,85.0,89.0,1.0
606,15.0,118.0,70.0,1.0
607,15.0,101.0,71.0,1.0
608,15.0,85.0,79.0,1.0
609,15.0,101.0,84.0,1.0
610,15.0,102.0,59.0,1.0
611,15.0,95.0,66.0,1.0
612,15.0,76.0,52.0,1.0
613,15.0,101.0,6.0,1.0
614,15.0,73.0,61.0,1.0
615,15.0,101.0,17.0,1.0
616,15.0,88.0,60.0,1.0
617,15.0,105.0,14.0,1.0
618,15.0,20.0,4.0,1.0
619,15.0,101.0,25.0,0.0
620,15.0,75.0,77.0,1.0
621,15.0,70.0,71.0,1.0
622,15.0,95.0,89.0,1.0
623,15.0,124.0,115.0,1.0
624,15.0,84.0,44.0,1.0
625,15.0,107.0,14.0,1.0
626,15.0,86.0,60.0,2.0
627,15.0,111.0,45.0,1.0
628,15.0,96.0,47.0,1.0
629,15.0,92.0,18.0,1.0
630,15.0,78.0,77.0,1.0
631,15.0,74.0,29.0,1.0
632,15.0,35.0,29.0,1.0
633,15.0,27.0,30.0,0.0
634,15.0,103.0,43.0,0.0
635,15.0,79.0,35.0,0.0
636,15.0,113.0,50.0,1.0
637,15.0,21.0,18.0,0.0
638,15.0,23.0,19.0,0.0
639,15.0,89.0,14.0,0.0
640,15.0,18.0,21.0,2.0
641,15.0,20.0,25.0,0.0
642,15.0,82.0,63.0,0.0
643,15.0,65.0,51.0,0.0
644,15.0,53.0,52.0,1.0
645,15.0,9.0,9.0,3.0
646,15.0,63.0,65.0,0.0
647,15.0,81.0,24.0,0.0
648,15.0,80.0,15.0,0.0
649,15.0,78.0,1.0,0.0
650,15.0,44.0,43.0,0.0
651,15.0,63.0,15.0,1.0
652,15.0,67.0,33.0,0.0
653,15.0,80.0,2.0,0.0
654,15.0,38.0,35.0,3.0
655,15.0,74.0,18.0,0.0
656,15.0,82.0,55.0,0.0
657,15.0,2.0,20.0,0.0
658,15.0,54.0,25.0,1.0
659,15.0,122.0,86.0,0.0
660,15.0,50.0,77.0,0.0
661,15.0,14.0,17.0,1.0
662,15.0,35.0,59.0,1.0
663,15.0,38.0,22.0,1.0
664,15.0,40.0,27.0,2.0
665,15.0,29.0,6.0,0.0
666,15.0,46.0,36.0,0.0
667,15.0,63.0,182.0,0.0
668,15.0,123.0,49.0,0.0
669,15.0,77.0,98.0,0.0
670,15.0,57.0,150.0,0.0
671,15.0,49.0,219.0,0.0
672,15.0,46.0,158.0,0.0
673,15.0,78.0,127.0,0.0
674,15.0,64.0,215.0,0.0
675,15.0,100.0,191.0,0.0
676,15.0,27.0,153.0,0.0
677,15.0,98.0,220.0,0.0
678,15.0,61.0,186.0,0.0
679,16.0,105.0,74.0,1.0
680,16.0,85.0,73.0,1.0
681,16.0,110.0,75.0,1.0
682,16.0,101.0,83.0,1.0
683,16.0,95.0,66.0,1.0
684,16.0,73.0,9.0,1.0
685,16.0,35.0,59.0,1.0
686,16.0,25.0,57.0,1.0
687,16.0,88.0,60.0,1.0
688,16.0,101.0,6.0,1.0
689,16.0,75.0,77.0,1.0
690,16.0,101.0,17.0,1.0
691,16.0,109.0,57.0,1.0
692,16.0,101.0,25.0,1.0
693,16.0,70.0,75.0,1.0
694,16.0,71.0,46.0,1.0
695,16.0,47.0,56.0,3.0
696,16.0,105.0,14.0,1.0
697,16.0,37.0,55.0,1.0
698,16.0,107.0,14.0,1.0
699,16.0,94.0,58.0,1.0
700,16.0,96.0,47.0,1.0
701,16.0,107.0,23.0,1.0
702,16.0,76.0,3.0,2.0
703,16.0,89.0,14.0,1.0
704,16.0,73.0,61.0,1.0
705,16.0,26.0,48.0,1.0
706,16.0,100.0,51.0,1.0
707,16.0,9.0,9.0,1.0
708,16.0,31.0,2.0,0.0
709,16.0,115.0,7.0,1.0
710,16.0,80.0,2.0,1.0
711,16.0,109.0,110.0,1.0
712,16.0,92.0,18.0,1.0
713,16.0,80.0,15.0,1.0
714,16.0,20.0,25.0,1.0
715,16.0,23.0,39.0,1.0
716,16.0,79.0,35.0,0.0
717,16.0,12.0,20.0,1.0
718,16.0,21.0,18.0,1.0
719,16.0,30.0,44.0,1.0
720,16.0,18.0,21.0,2.0
721,16.0,74.0,18.0,0.0
722,16.0,107.0,52.0,0.0
723,16.0,78.0,48.0,0.0
724,16.0,14.0,17.0,2.0
725,16.0,23.0,19.0,3.0
726,16.0,87.0,45.0,1.0
727,16.0,68.0,38.0,1.0
728,16.0,82.0,63.0,0.0
729,16.0,57.0,53.0,1.0
730,16.0,81.0,24.0,0.0
731,16.0,49.0,59.0,0.0
732,16.0,124.0,128.0,2.0
733,16.0,80.0,46.0,0.0
734,16.0,50.0,77.0,2.0
735,16.0,5.0,8.0,2.0
736,16.0,51.0,75.0,0.0
737,16.0,120.0,126.0,1.0
738,16.0,60.0,32.0,1.0
739,16.0,14.0,27.0,1.0
740,16.0,2.0,20.0,0.0
741,16.0,63.0,182.0,0.0
742,16.0,40.0,27.0,2.0
743,16.0,69.0,23.0,0.0
744,16.0,29.0,6.0,0.0
745,16.0,65.0,11.0,0.0
746,16.0,35.0,29.0,0.0
747,16.0,124.0,115.0,0.0
748,16.0,99.0,110.0,0.0
749,16.0,73.0,110.0,0.0
750,16.0,46.0,158.0,0.0
751,16.0,100.0,191.0,0.0
752,16.0,123.0,49.0,0.0
753,16.0,78.0,127.0,0.0
754,16.0,49.0,219.0,0.0
755,16.0,64.0,215.0,0.0
756,17.0,106.0,75.0,1.0
757,17.0,111.0,75.0,1.0
758,17.0,106.0,107.0,1.0
759,17.0,111.0,59.0,1.0
760,17.0,102.0,81.0,1.0
761,17.0,115.0,17.0,1.0
762,17.0,101.0,17.0,1.0
763,17.0,95.0,59.0,1.0
764,17.0,101.0,64.0,1.0
765,17.0,101.0,25.0,1.0
766,17.0,87.0,72.0,1.0
767,17.0,88.0,60.0,1.0
768,17.0,74.0,101.0,1.0
769,17.0,85.0,78.0,1.0
770,17.0,75.0,77.0,1.0
771,17.0,47.0,56.0,1.0
772,17.0,67.0,48.0,1.0
773,17.0,102.0,5.0,1.0
774,17.0,63.0,60.0,1.0
775,17.0,13.0,44.0,1.0
776,17.0,105.0,14.0,1.0
777,17.0,112.0,70.0,0.0
778,17.0,37.0,55.0,1.0
779,17.0,26.0,58.0,1.0
780,17.0,14.0,15.0,1.0
781,17.0,31.0,2.0,1.0
782,17.0,66.0,91.0,1.0
783,17.0,9.0,9.0,1.0
784,17.0,117.0,25.0,0.0
785,17.0,50.0,77.0,1.0
786,17.0,12.0,20.0,1.0
787,17.0,78.0,1.0,2.0
788,17.0,96.0,47.0,1.0
789,17.0,99.0,110.0,0.0
790,17.0,80.0,2.0,1.0
791,17.0,79.0,35.0,0.0
792,17.0,82.0,63.0,2.0
793,17.0,68.0,0.0,1.0
794,17.0,2.0,20.0,0.0
795,17.0,73.0,61.0,1.0
796,17.0,118.0,4.0,1.0
797,17.0,26.0,48.0,1.0
798,17.0,23.0,39.0,0.0
799,17.0,15.0,32.0,1.0
800,17.0,49.0,59.0,2.0
801,17.0,115.0,7.0,1.0
802,17.0,59.0,37.0,0.0
803,17.0,42.0,10.0,1.0
804,17.0,84.0,44.0,1.0
805,17.0,68.0,38.0,1.0
806,17.0,113.0,3.0,0.0
807,17.0,24.0,50.0,0.0
808,17.0,0.0,7.0,0.0
809,17.0,85.0,0.0,0.0
810,17.0,81.0,24.0,0.0
811,17.0,80.0,15.0,0.0
812,17.0,34.0,1.0,2.0
813,17.0,89.0,14.0,0.0
814,17.0,23.0,19.0,0.0
815,17.0,96.0,128.0,0.0
816,17.0,29.0,6.0,0.0
817,17.0,63.0,182.0,0.0
818,17.0,61.0,100.0,0.0
819,17.0,40.0,27.0,1.0
820,17.0,69.0,23.0,0.0
821,17.0,123.0,49.0,0.0
822,17.0,100.0,191.0,0.0
823,17.0,57.0,150.0,0.0
824,17.0,64.0,215.0,0.0
825,17.0,46.0,158.0,0.0
826,17.0,49.0,219.0,0.0
827,17.0,61.0,186.0,0.0
828,17.0,100.0,173.0,0.0
829,17.0,98.0,220.0,0.0
830,18.0,62.0,158.0,1.0
831,18.0,102.0,81.0,1.0
832,18.0,73.0,83.0,1.0
833,18.0,115.0,19.0,1.0
834,18.0,106.0,109.0,1.0
835,18.0,66.0,98.0,1.0
836,18.0,77.0,125.0,1.0
837,18.0,101.0,25.0,1.0
838,18.0,10.0,44.0,1.0
839,18.0,77.0,105.0,1.0
840,18.0,63.0,1.0,1.0
841,18.0,83.0,76.0,1.0
842,18.0,101.0,75.0,1.0
843,18.0,98.0,68.0,1.0
844,18.0,88.0,60.0,1.0
845,18.0,101.0,17.0,1.0
846,18.0,47.0,56.0,4.0
847,18.0,117.0,25.0,1.0
848,18.0,105.0,14.0,0.0
849,18.0,79.0,35.0,3.0
850,18.0,16.0,18.0,1.0
851,18.0,46.0,129.0,1.0
852,18.0,37.0,55.0,1.0
853,18.0,59.0,13.0,1.0
854,18.0,93.0,63.0,1.0
855,18.0,84.0,56.0,1.0
856,18.0,96.0,128.0,1.0
857,18.0,108.0,129.0,1.0
858,18.0,12.0,20.0,0.0
859,18.0,82.0,63.0,1.0
860,18.0,59.0,37.0,1.0
861,18.0,103.0,4.0,1.0
862,18.0,73.0,61.0,1.0
863,18.0,111.0,59.0,1.0
864,18.0,2.0,20.0,0.0
865,18.0,49.0,89.0,1.0
866,18.0,43.0,75.0,1.0
867,18.0,65.0,109.0,1.0
868,18.0,109.0,39.0,2.0
869,18.0,64.0,45.0,1.0
870,18.0,83.0,50.0,1.0
871,18.0,91.0,35.0,1.0
872,18.0,34.0,62.0,1.0
873,18.0,54.0,106.0,1.0
874,18.0,109.0,37.0,1.0
875,18.0,49.0,59.0,0.0
876,18.0,78.0,1.0,0.0
877,18.0,0.0,7.0,0.0
878,18.0,31.0,2.0,0.0
879,18.0,23.0,19.0,0.0
880,18.0,80.0,2.0,0.0
881,18.0,115.0,81.0,1.0
882,18.0,14.0,34.0,1.0
883,18.0,42.0,10.0,1.0
884,18.0,10.0,61.0,1.0
885,18.0,5.0,8.0,1.0
886,18.0,78.0,48.0,0.0
887,18.0,122.0,86.0,0.0
888,18.0,121.0,142.0,0.0
889,18.0,81.0,24.0,0.0
890,18.0,29.0,6.0,0.0
891,18.0,119.0,103.0,1.0
892,18.0,63.0,182.0,0.0
893,18.0,58.0,104.0,0.0
894,18.0,103.0,10.0,0.0
895,18.0,44.0,0.0,1.0
896,18.0,60.0,19.0,0.0
897,18.0,99.0,110.0,0.0
898,18.0,58.0,20.0,0.0
899,18.0,40.0,27.0,3.0
900,18.0,98.0,47.0,0.0
901,18.0,120.0,45.0,0.0
902,18.0,123.0,49.0,0.0
903,18.0,98.0,144.0,2.0
904,18.0,64.0,215.0,0.0
905,18.0,100.0,191.0,0.0
906,18.0,94.0,176.0,0.0
907,18.0,49.0,219.0,0.0
908,18.0,98.0,220.0,0.0
909,19.0,66.0,98.0,1.0
910,19.0,108.0,110.0,1.0
911,19.0,73.0,80.0,1.0
912,19.0,73.0,84.0,1.0
913,19.0,118.0,18.0,1.0
914,19.0,78.0,85.0,1.0
915,19.0,91.0,35.0,1.0
916,19.0,104.0,129.0,1.0
917,19.0,107.0,18.0,1.0
918,19.0,78.0,127.0,1.0
919,19.0,101.0,92.0,1.0
920,19.0,79.0,35.0,1.0
921,19.0,104.0,27.0,1.0
922,19.0,59.0,14.0,1.0
923,19.0,105.0,14.0,1.0
924,19.0,8.0,45.0,1.0
925,19.0,117.0,0.0,1.0
926,19.0,102.0,83.0,1.0
927,19.0,60.0,91.0,1.0
928,19.0,40.0,82.0,1.0
929,19.0,47.0,56.0,0.0
930,19.0,117.0,25.0,1.0
931,19.0,9.0,9.0,1.0
932,19.0,124.0,128.0,1.0
933,19.0,101.0,17.0,2.0
934,19.0,43.0,75.0,1.0
935,19.0,13.0,14.0,1.0
936,19.0,2.0,20.0,0.0
937,19.0,59.0,37.0,0.0
938,19.0,60.0,49.0,1.0
939,19.0,99.0,37.0,1.0
940,19.0,65.0,109.0,1.0
941,19.0,73.0,61.0,1.0
942,19.0,124.0,12.0,1.0
943,19.0,109.0,39.0,1.0
944,19.0,49.0,89.0,2.0
945,19.0,11.0,63.0,1.0
946,19.0,88.0,60.0,2.0
947,19.0,84.0,56.0,1.0
948,19.0,92.0,67.0,1.0
949,19.0,109.0,37.0,2.0
950,19.0,113.0,3.0,2.0
951,19.0,12.0,20.0,0.0
952,19.0,23.0,19.0,0.0
953,19.0,86.0,75.0,0.0
954,19.0,100.0,1.0,0.0
955,19.0,98.0,144.0,1.0
956,19.0,37.0,55.0,2.0
957,19.0,119.0,33.0,0.0
958,19.0,49.0,59.0,0.0
959,19.0,83.0,50.0,0.0
960,19.0,122.0,86.0,0.0
961,19.0,54.0,106.0,1.0
962,19.0,94.0,58.0,1.0
963,19.0,98.0,8.0,0.0
964,19.0,92.0,16.0,0.0
965,19.0,34.0,62.0,0.0
966,19.0,29.0,6.0,0.0
967,19.0,23.0,8.0,0.0
968,19.0,81.0,24.0,0.0
969,19.0,33.0,77.0,0.0
970,19.0,40.0,27.0,0.0
971,19.0,63.0,182.0,0.0
972,19.0,98.0,47.0,0.0
973,19.0,123.0,49.0,0.0
974,19.0,90.0,47.0,0.0
975,19.0,35.0,29.0,0.0
976,19.0,120.0,45.0,0.0
977,19.0,46.0,158.0,0.0
978,19.0,64.0,215.0,0.0
979,19.0,110.0,217.0,0.0
980,19.0,100.0,191.0,0.0
981,19.0,61.0,186.0,0.0
982,19.0,49.0,219.0,0.0
983,20.0,83.0,86.0,1.0
984,20.0,109.0,112.0,1.0
985,20.0,73.0,84.0,1.0
986,20.0,91.0,35.0,1.0
987,20.0,105.0,14.0,1.0
988,20.0,101.0,25.0,1.0
989,20.0,91.0,88.0,1.0
990,20.0,66.0,81.0,1.0
991,20.0,73.0,129.0,1.0
992,20.0,68.0,93.0,1.0
993,20.0,58.0,104.0,1.0
994,20.0,118.0,0.0,1.0
995,20.0,79.0,35.0,2.0
996,20.0,47.0,56.0,0.0
997,20.0,66.0,99.0,1.0
998,20.0,120.0,17.0,1.0
999,20.0,117.0,25.0,0.0
1000,20.0,43.0,84.0,1.0
1001,20.0,71.0,121.0,1.0
1002,20.0,9.0,9.0,1.0
1003,20.0,66.0,105.0,1.0
1004,20.0,104.0,131.0,1.0
1005,20.0,11.0,48.0,1.0
1006,20.0,7.0,68.0,1.0
1007,20.0,43.0,75.0,1.0
1008,20.0,57.0,92.0,1.0
1009,20.0,57.0,53.0,1.0
1010,20.0,59.0,37.0,1.0
1011,20.0,98.0,8.0,1.0
1012,20.0,39.0,78.0,1.0
1013,20.0,15.0,70.0,2.0
1014,20.0,62.0,127.0,1.0
1015,20.0,13.0,70.0,1.0
1016,20.0,124.0,128.0,1.0
1017,20.0,2.0,20.0,0.0
1018,20.0,113.0,3.0,2.0
1019,20.0,88.0,60.0,1.0
1020,20.0,97.0,148.0,1.0
1021,20.0,100.0,1.0,0.0
1022,20.0,54.0,35.0,1.0
1023,20.0,80.0,46.0,1.0
1024,20.0,82.0,63.0,1.0
1025,20.0,74.0,134.0,1.0
1026,20.0,73.0,61.0,1.0
1027,20.0,49.0,59.0,1.0
1028,20.0,21.0,18.0,1.0
1029,20.0,33.0,77.0,0.0
1030,20.0,44.0,97.0,0.0
1031,20.0,109.0,39.0,3.0
1032,20.0,59.0,9.0,1.0
1033,20.0,115.0,32.0,0.0
1034,20.0,4.0,35.0,0.0
1035,20.0,50.0,99.0,1.0
1036,20.0,23.0,19.0,3.0
1037,20.0,124.0,115.0,1.0
1038,20.0,43.0,102.0,0.0
1039,20.0,122.0,86.0,0.0
1040,20.0,12.0,20.0,0.0
1041,20.0,112.0,38.0,0.0
1042,20.0,122.0,93.0,1.0
1043,20.0,50.0,77.0,0.0
1044,20.0,113.0,134.0,1.0
1045,20.0,93.0,155.0,2.0
1046,20.0,54.0,25.0,1.0
1047,20.0,86.0,154.0,1.0
1048,20.0,119.0,33.0,0.0
1049,20.0,85.0,156.0,0.0
1050,20.0,85.0,146.0,1.0
1051,20.0,0.0,23.0,1.0
1052,20.0,40.0,27.0,0.0
1053,20.0,63.0,182.0,0.0
1054,20.0,118.0,70.0,1.0
1055,20.0,101.0,93.0,1.0
1056,20.0,81.0,24.0,0.0
1057,20.0,29.0,6.0,0.0
1058,20.0,95.0,156.0,0.0
1059,20.0,123.0,31.0,0.0
1060,20.0,98.0,47.0,0.0
1061,20.0,39.0,15.0,0.0
1062,20.0,116.0,154.0,1.0
1063,20.0,64.0,215.0,0.0
1064,20.0,35.0,29.0,0.0
1065,20.0,100.0,191.0,0.0
1066,20.0,123.0,49.0,0.0
1067,20.0,46.0,158.0,0.0
1068,20.0,57.0,150.0,0.0
1069,20.0,61.0,186.0,0.0
1070,20.0,98.0,220.0,0.0
1071,21.0,57.0,77.0,1.0
1072,21.0,101.0,25.0,1.0
1073,21.0,51.0,100.0,1.0
1074,21.0,82.0,46.0,1.0
1075,21.0,57.0,102.0,1.0
1076,21.0,113.0,135.0,1.0
1077,21.0,66.0,99.0,1.0
1078,21.0,105.0,14.0,2.0
1079,21.0,83.0,86.0,1.0
1080,21.0,59.0,110.0,1.0
1081,21.0,107.0,14.0,1.0
1082,21.0,55.0,95.0,1.0
1083,21.0,47.0,56.0,2.0
1084,21.0,122.0,86.0,0.0
1085,21.0,119.0,89.0,1.0
1086,21.0,69.0,77.0,1.0
1087,21.0,117.0,25.0,1.0
1088,21.0,101.0,17.0,1.0
1089,21.0,79.0,35.0,0.0
1090,21.0,74.0,85.0,1.0
1091,21.0,9.0,9.0,1.0
1092,21.0,99.0,37.0,1.0
1093,21.0,59.0,37.0,2.0
1094,21.0,9.0,68.0,1.0
1095,21.0,65.0,51.0,1.0
1096,21.0,98.0,8.0,1.0
1097,21.0,15.0,70.0,3.0
1098,21.0,2.0,20.0,0.0
1099,21.0,10.0,74.0,0.0
1100,21.0,117.0,0.0,1.0
1101,21.0,43.0,102.0,1.0
1102,21.0,100.0,1.0,2.0
1103,21.0,124.0,117.0,1.0
1104,21.0,13.0,70.0,3.0
1105,21.0,59.0,87.0,1.0
1106,21.0,33.0,77.0,0.0
1107,21.0,39.0,78.0,1.0
1108,21.0,75.0,77.0,0.0
1109,21.0,4.0,35.0,1.0
1110,21.0,73.0,61.0,0.0
1111,21.0,40.0,90.0,1.0
1112,21.0,70.0,119.0,1.0
1113,21.0,77.0,57.0,1.0
1114,21.0,44.0,97.0,0.0
1115,21.0,21.0,18.0,2.0
1116,21.0,49.0,59.0,1.0
1117,21.0,113.0,3.0,2.0
1118,21.0,7.0,50.0,1.0
1119,21.0,14.0,17.0,0.0
1120,21.0,12.0,20.0,0.0
1121,21.0,61.0,127.0,1.0
1122,21.0,23.0,19.0,1.0
1123,21.0,43.0,75.0,0.0
1124,21.0,54.0,25.0,1.0
1125,21.0,44.0,106.0,0.0
1126,21.0,123.0,75.0,1.0
1127,21.0,54.0,35.0,1.0
1128,21.0,9.0,85.0,1.0
1129,21.0,85.0,156.0,1.0
1130,21.0,88.0,60.0,0.0
1131,21.0,50.0,77.0,0.0
1132,21.0,1.0,26.0,1.0
1133,21.0,81.0,24.0,0.0
1134,21.0,108.0,111.0,1.0
1135,21.0,63.0,182.0,0.0
1136,21.0,90.0,160.0,0.0
1137,21.0,98.0,47.0,0.0
1138,21.0,74.0,134.0,1.0
1139,21.0,29.0,6.0,0.0
1140,21.0,39.0,15.0,0.0
1141,21.0,40.0,27.0,0.0
1142,21.0,119.0,164.0,0.0
1143,21.0,57.0,150.0,0.0
1144,21.0,78.0,127.0,0.0
1145,21.0,100.0,191.0,0.0
1146,21.0,64.0,215.0,0.0
1147,21.0,46.0,158.0,0.0
1148,21.0,123.0,49.0,0.0
1149,21.0,100.0,173.0,0.0
1150,21.0,61.0,186.0,0.0
1151,22.0,106.0,119.0,1.0
1152,22.0,123.0,76.0,1.0
1153,22.0,66.0,80.0,1.0
1154,22.0,82.0,89.0,1.0
1155,22.0,55.0,76.0,1.0
1156,22.0,115.0,143.0,1.0
1157,22.0,98.0,18.0,1.0
1158,22.0,122.0,86.0,1.0
1159,22.0,79.0,35.0,1.0
1160,22.0,69.0,119.0,1.0
1161,22.0,55.0,95.0,1.0
1162,22.0,101.0,25.0,1.0
1163,22.0,44.0,97.0,1.0
1164,22.0,91.0,26.0,1.0
1165,22.0,47.0,56.0,2.0
1166,22.0,83.0,46.0,1.0
1167,22.0,66.0,93.0,1.0
1168,22.0,63.0,118.0,1.0
1169,22.0,54.0,106.0,1.0
1170,22.0,99.0,37.0,1.0
1171,22.0,83.0,50.0,0.0
1172,22.0,105.0,14.0,2.0
1173,22.0,98.0,8.0,1.0
1174,22.0,121.0,64.0,1.0
1175,22.0,59.0,37.0,1.0
1176,22.0,2.0,20.0,0.0
1177,22.0,78.0,48.0,2.0
1178,22.0,75.0,77.0,0.0
1179,22.0,13.0,70.0,2.0
1180,22.0,46.0,90.0,1.0
1181,22.0,65.0,51.0,1.0
1182,22.0,100.0,1.0,1.0
1183,22.0,9.0,9.0,1.0
1184,22.0,15.0,70.0,1.0
1185,22.0,10.0,74.0,1.0
1186,22.0,76.0,145.0,1.0
1187,22.0,39.0,78.0,0.0
1188,22.0,4.0,35.0,2.0
1189,22.0,76.0,52.0,0.0
1190,22.0,12.0,20.0,0.0
1191,22.0,33.0,77.0,0.0
1192,22.0,44.0,106.0,1.0
1193,22.0,35.0,99.0,0.0
1194,22.0,40.0,90.0,1.0
1195,22.0,97.0,164.0,1.0
1196,22.0,107.0,14.0,1.0
1197,22.0,81.0,24.0,0.0
1198,22.0,9.0,85.0,1.0
1199,22.0,28.0,82.0,1.0
1200,22.0,68.0,38.0,1.0
1201,22.0,109.0,37.0,1.0
1202,22.0,6.0,35.0,1.0
1203,22.0,14.0,17.0,1.0
1204,22.0,49.0,59.0,1.0
1205,22.0,35.0,29.0,1.0
1206,22.0,23.0,19.0,1.0
1207,22.0,109.0,39.0,2.0
1208,22.0,120.0,20.0,1.0
1209,22.0,7.0,50.0,1.0
1210,22.0,54.0,35.0,2.0
1211,22.0,44.0,113.0,0.0
1212,22.0,98.0,47.0,0.0
1213,22.0,31.0,90.0,0.0
1214,22.0,18.0,21.0,2.0
1215,22.0,119.0,164.0,1.0
1216,22.0,24.0,92.0,0.0
1217,22.0,55.0,126.0,1.0
1218,22.0,29.0,6.0,0.0
1219,22.0,20.0,92.0,0.0
1220,22.0,40.0,27.0,1.0
1221,22.0,102.0,164.0,2.0
1222,22.0,77.0,98.0,0.0
1223,22.0,124.0,115.0,1.0
1224,22.0,73.0,110.0,0.0
1225,22.0,39.0,15.0,0.0
1226,22.0,57.0,150.0,0.0
1227,22.0,63.0,182.0,0.0
1228,22.0,46.0,158.0,0.0
1229,22.0,100.0,173.0,0.0
1230,22.0,123.0,49.0,1.0
1231,22.0,123.0,137.0,2.0
1232,22.0,121.0,126.0,0.0
1233,22.0,110.0,217.0,0.0
1234,22.0,78.0,127.0,0.0
1235,22.0,64.0,215.0,0.0
1236,22.0,100.0,191.0,0.0
1237,22.0,49.0,219.0,0.0
1238,23.0,44.0,100.0,1.0
1239,23.0,107.0,121.0,1.0
1240,23.0,122.0,86.0,1.0
1241,23.0,81.0,124.0,1.0
1242,23.0,54.0,106.0,1.0
1243,23.0,52.0,101.0,1.0
1244,23.0,79.0,35.0,1.0
1245,23.0,120.0,107.0,1.0
1246,23.0,74.0,93.0,1.0
1247,23.0,47.0,56.0,1.0
1248,23.0,64.0,80.0,1.0
1249,23.0,115.0,144.0,1.0
1250,23.0,86.0,94.0,1.0
1251,23.0,60.0,133.0,1.0
1252,23.0,61.0,95.0,1.0
1253,23.0,101.0,25.0,1.0
1254,23.0,10.0,74.0,1.0
1255,23.0,123.0,137.0,1.0
1256,23.0,98.0,18.0,1.0
1257,23.0,53.0,96.0,1.0
1258,23.0,120.0,20.0,1.0
1259,23.0,97.0,164.0,1.0
1260,23.0,2.0,20.0,0.0
1261,23.0,78.0,48.0,1.0
1262,23.0,64.0,119.0,1.0
1263,23.0,99.0,37.0,1.0
1264,23.0,83.0,50.0,1.0
1265,23.0,124.0,115.0,1.0
1266,23.0,82.0,91.0,1.0
1267,23.0,109.0,39.0,2.0
1268,23.0,105.0,14.0,0.0
1269,23.0,89.0,14.0,1.0
1270,23.0,46.0,91.0,1.0
1271,23.0,59.0,37.0,1.0
1272,23.0,109.0,37.0,1.0
1273,23.0,96.0,47.0,1.0
1274,23.0,91.0,26.0,1.0
1275,23.0,107.0,143.0,1.0
1276,23.0,15.0,70.0,3.0
1277,23.0,35.0,99.0,1.0
1278,23.0,75.0,77.0,0.0
1279,23.0,122.0,68.0,1.0
1280,23.0,68.0,38.0,1.0
1281,23.0,35.0,29.0,1.0
1282,23.0,13.0,70.0,2.0
1283,23.0,44.0,106.0,2.0
1284,23.0,12.0,20.0,0.0
1285,23.0,60.0,68.0,1.0
1286,23.0,55.0,77.0,1.0
1287,23.0,39.0,78.0,1.0
1288,23.0,76.0,52.0,0.0
1289,23.0,49.0,59.0,1.0
1290,23.0,91.0,0.0,1.0
1291,23.0,100.0,1.0,3.0
1292,23.0,81.0,24.0,0.0
1293,23.0,14.0,17.0,1.0
1294,23.0,33.0,77.0,1.0
1295,23.0,98.0,47.0,1.0
1296,23.0,44.0,113.0,0.0
1297,23.0,9.0,9.0,1.0
1298,23.0,54.0,35.0,2.0
1299,23.0,31.0,90.0,0.0
1300,23.0,81.0,38.0,2.0
1301,23.0,103.0,43.0,2.0
1302,23.0,68.0,108.0,1.0
1303,23.0,84.0,44.0,2.0
1304,23.0,14.0,49.0,1.0
1305,23.0,77.0,98.0,2.0
1306,23.0,123.0,15.0,2.0
1307,23.0,40.0,27.0,2.0
1308,23.0,18.0,21.0,2.0
1309,23.0,43.0,75.0,0.0
1310,23.0,10.0,40.0,0.0
1311,23.0,23.0,82.0,0.0
1312,23.0,88.0,60.0,1.0
1313,23.0,23.0,19.0,1.0
1314,23.0,63.0,182.0,0.0
1315,23.0,20.0,94.0,0.0
1316,23.0,67.0,149.0,1.0
1317,23.0,29.0,6.0,0.0
1318,23.0,59.0,51.0,0.0
1319,23.0,118.0,169.0,1.0
1320,23.0,24.0,92.0,0.0
1321,23.0,120.0,45.0,0.0
1322,23.0,57.0,150.0,0.0
1323,23.0,103.0,10.0,0.0
1324,23.0,123.0,49.0,0.0
1325,23.0,46.0,158.0,0.0
1326,23.0,64.0,215.0,0.0
1327,23.0,100.0,191.0,0.0
1328,23.0,61.0,186.0,0.0
1329,23.0,98.0,220.0,0.0
1330,23.0,49.0,219.0,0.0
1331,24.0,60.0,129.0,1.0
1332,24.0,13.0,79.0,1.0
1333,24.0,106.0,144.0,1.0
1334,24.0,94.0,82.0,1.0
1335,24.0,92.0,127.0,1.0
1336,24.0,79.0,35.0,3.0
1337,24.0,45.0,88.0,1.0
1338,24.0,82.0,127.0,1.0
1339,24.0,87.0,95.0,1.0
1340,24.0,122.0,86.0,1.0
1341,24.0,10.0,74.0,0.0
1342,24.0,48.0,112.0,1.0
1343,24.0,25.0,80.0,1.0
1344,24.0,51.0,102.0,1.0
1345,24.0,53.0,122.0,1.0
1346,24.0,109.0,39.0,1.0
1347,24.0,97.0,164.0,1.0
1348,24.0,83.0,50.0,1.0
1349,24.0,62.0,113.0,1.0
1350,24.0,124.0,99.0,1.0
1351,24.0,43.0,102.0,1.0
1352,24.0,109.0,37.0,2.0
1353,24.0,54.0,106.0,1.0
1354,24.0,2.0,20.0,0.0
1355,24.0,13.0,70.0,0.0
1356,24.0,15.0,70.0,1.0
1357,24.0,75.0,77.0,0.0
1358,24.0,75.0,96.0,1.0
1359,24.0,39.0,78.0,0.0
1360,24.0,35.0,99.0,1.0
1361,24.0,35.0,29.0,1.0
1362,24.0,124.0,115.0,1.0
1363,24.0,47.0,56.0,2.0
1364,24.0,103.0,40.0,1.0
1365,24.0,96.0,47.0,2.0
1366,24.0,61.0,97.0,1.0
1367,24.0,89.0,14.0,1.0
1368,24.0,50.0,77.0,0.0
1369,24.0,101.0,25.0,0.0
1370,24.0,123.0,15.0,1.0
1371,24.0,91.0,146.0,1.0
1372,24.0,78.0,48.0,3.0
1373,24.0,92.0,16.0,0.0
1374,24.0,123.0,139.0,1.0
1375,24.0,12.0,20.0,0.0
1376,24.0,105.0,14.0,0.0
1377,24.0,37.0,104.0,0.0
1378,24.0,100.0,173.0,0.0
1379,24.0,59.0,37.0,1.0
1380,24.0,49.0,59.0,1.0
1381,24.0,31.0,90.0,1.0
1382,24.0,98.0,47.0,1.0
1383,24.0,21.0,18.0,1.0
1384,24.0,23.0,19.0,2.0
1385,24.0,43.0,75.0,0.0
1386,24.0,60.0,68.0,1.0
1387,24.0,40.0,27.0,2.0
1388,24.0,75.0,82.0,1.0
1389,24.0,100.0,1.0,1.0
1390,24.0,9.0,9.0,1.0
1391,24.0,1.0,46.0,1.0
1392,24.0,120.0,45.0,1.0
1393,24.0,42.0,117.0,0.0
1394,24.0,73.0,61.0,0.0
1395,24.0,88.0,60.0,3.0
1396,24.0,122.0,172.0,1.0
1397,24.0,83.0,171.0,1.0
1398,24.0,57.0,150.0,0.0
1399,24.0,123.0,49.0,0.0
1400,24.0,107.0,100.0,1.0
1401,24.0,68.0,108.0,1.0
1402,24.0,82.0,63.0,0.0
1403,24.0,70.0,43.0,1.0
1404,24.0,94.0,176.0,1.0
1405,24.0,81.0,24.0,0.0
1406,24.0,29.0,6.0,0.0
1407,24.0,31.0,103.0,0.0
1408,24.0,59.0,51.0,0.0
1409,24.0,63.0,182.0,0.0
1410,24.0,39.0,15.0,0.0
1411,24.0,73.0,110.0,0.0
1412,24.0,119.0,175.0,2.0
1413,24.0,103.0,10.0,0.0
1414,24.0,64.0,215.0,0.0
1415,24.0,110.0,217.0,0.0
1416,24.0,49.0,219.0,0.0
1417,24.0,100.0,191.0,0.0
1418,24.0,61.0,186.0,0.0
1419,25.0,82.0,131.0,1.0
1420,25.0,55.0,118.0,1.0
1421,25.0,117.0,102.0,1.0
1422,25.0,90.0,102.0,1.0
1423,25.0,107.0,100.0,1.0
1424,25.0,79.0,35.0,1.0
1425,25.0,49.0,89.0,1.0
1426,25.0,14.0,81.0,1.0
1427,25.0,124.0,100.0,1.0
1428,25.0,60.0,131.0,1.0
1429,25.0,55.0,131.0,1.0
1430,25.0,26.0,83.0,1.0
1431,25.0,64.0,115.0,1.0
1432,25.0,94.0,176.0,1.0
1433,25.0,44.0,97.0,1.0
1434,25.0,20.0,94.0,0.0
1435,25.0,96.0,178.0,2.0
1436,25.0,50.0,77.0,0.0
1437,25.0,95.0,85.0,1.0
1438,25.0,23.0,98.0,1.0
1439,25.0,75.0,77.0,0.0
1440,25.0,40.0,90.0,1.0
1441,25.0,43.0,102.0,1.0
1442,25.0,92.0,127.0,1.0
1443,25.0,35.0,29.0,1.0
1444,25.0,35.0,99.0,1.0
1445,25.0,96.0,47.0,1.0
1446,25.0,122.0,86.0,2.0
1447,25.0,44.0,106.0,1.0
1448,25.0,10.0,74.0,0.0
1449,25.0,120.0,85.0,1.0
1450,25.0,2.0,20.0,0.0
1451,25.0,39.0,78.0,2.0
1452,25.0,93.0,38.0,1.0
1453,25.0,101.0,25.0,1.0
1454,25.0,56.0,82.0,1.0
1455,25.0,44.0,115.0,0.0
1456,25.0,91.0,148.0,1.0
1457,25.0,88.0,60.0,1.0
1458,25.0,57.0,150.0,1.0
1459,25.0,98.0,47.0,2.0
1460,25.0,12.0,20.0,0.0
1461,25.0,114.0,132.0,1.0
1462,25.0,109.0,39.0,3.0
1463,25.0,31.0,90.0,1.0
1464,25.0,80.0,90.0,1.0
1465,25.0,10.0,91.0,1.0
1466,25.0,17.0,93.0,0.0
1467,25.0,43.0,75.0,1.0
1468,25.0,92.0,67.0,1.0
1469,25.0,40.0,27.0,1.0
1470,25.0,44.0,127.0,0.0
1471,25.0,78.0,48.0,0.0
1472,25.0,23.0,19.0,0.0
1473,25.0,33.0,77.0,0.0
1474,25.0,81.0,24.0,0.0
1475,25.0,97.0,164.0,1.0
1476,25.0,123.0,49.0,0.0
1477,25.0,63.0,182.0,0.0
1478,25.0,100.0,1.0,1.0
1479,25.0,73.0,61.0,0.0
1480,25.0,120.0,45.0,0.0
1481,25.0,59.0,51.0,0.0
1482,25.0,46.0,36.0,1.0
1483,25.0,105.0,14.0,0.0
1484,25.0,29.0,6.0,0.0
1485,25.0,109.0,144.0,1.0
1486,25.0,100.0,173.0,0.0
1487,25.0,123.0,31.0,0.0
1488,25.0,94.0,7.0,1.0
1489,25.0,82.0,63.0,0.0
1490,25.0,39.0,15.0,0.0
1491,25.0,73.0,110.0,0.0
1492,25.0,100.0,191.0,0.0
1493,25.0,110.0,217.0,0.0
1494,25.0,46.0,158.0,0.0
1495,25.0,64.0,215.0,0.0
1496,25.0,61.0,186.0,0.0
1497,26.0,83.0,132.0,1.0
1498,26.0,91.0,102.0,1.0
1499,26.0,55.0,118.0,1.0
1500,26.0,113.0,132.0,1.0
1501,26.0,85.0,124.0,1.0
1502,26.0,68.0,114.0,2.0
1503,26.0,66.0,113.0,1.0
1504,26.0,107.0,100.0,0.0
1505,26.0,79.0,35.0,2.0
1506,26.0,96.0,178.0,1.0
1507,26.0,44.0,97.0,1.0
1508,26.0,20.0,94.0,0.0
1509,26.0,47.0,109.0,1.0
1510,26.0,63.0,100.0,1.0
1511,26.0,121.0,142.0,1.0
1512,26.0,108.0,103.0,0.0
1513,26.0,43.0,102.0,2.0
1514,26.0,94.0,176.0,1.0
1515,26.0,106.0,132.0,1.0
1516,26.0,119.0,107.0,1.0
1517,26.0,102.0,119.0,1.0
1518,26.0,35.0,99.0,1.0
1519,26.0,57.0,150.0,1.0
1520,26.0,50.0,77.0,1.0
1521,26.0,75.0,77.0,0.0
1522,26.0,15.0,7.0,1.0
1523,26.0,44.0,127.0,0.0
1524,26.0,40.0,90.0,1.0
1525,26.0,101.0,122.0,2.0
1526,26.0,2.0,20.0,0.0
1527,26.0,101.0,99.0,1.0
1528,26.0,109.0,37.0,1.0
1529,26.0,17.0,93.0,1.0
1530,26.0,101.0,25.0,1.0
1531,26.0,28.0,82.0,1.0
1532,26.0,124.0,124.0,1.0
1533,26.0,96.0,81.0,0.0
1534,26.0,35.0,29.0,1.0
1535,26.0,109.0,176.0,1.0
1536,26.0,99.0,37.0,1.0
1537,26.0,68.0,160.0,1.0
1538,26.0,42.0,117.0,1.0
1539,26.0,63.0,182.0,0.0
1540,26.0,23.0,19.0,0.0
1541,26.0,73.0,61.0,0.0
1542,26.0,12.0,20.0,0.0
1543,26.0,40.0,27.0,2.0
1544,26.0,31.0,90.0,0.0
1545,26.0,88.0,60.0,2.0
1546,26.0,74.0,40.0,1.0
1547,26.0,98.0,47.0,0.0
1548,26.0,100.0,1.0,0.0
1549,26.0,59.0,51.0,0.0
1550,26.0,92.0,16.0,0.0
1551,26.0,29.0,6.0,0.0
1552,26.0,104.0,15.0,0.0
1553,26.0,81.0,24.0,0.0
1554,26.0,46.0,158.0,0.0
1555,26.0,73.0,110.0,0.0
1556,26.0,100.0,191.0,0.0
1557,26.0,64.0,215.0,0.0
1558,26.0,49.0,219.0,0.0
1559,27.0,124.0,136.0,1.0
1560,27.0,91.0,130.0,1.0
1561,27.0,68.0,114.0,1.0
1562,27.0,106.0,132.0,1.0
1563,27.0,95.0,105.0,1.0
1564,27.0,109.0,124.0,1.0
1565,27.0,114.0,132.0,1.0
1566,27.0,94.0,176.0,2.0
1567,27.0,96.0,178.0,1.0
1568,27.0,121.0,142.0,1.0
1569,27.0,102.0,119.0,1.0
1570,27.0,86.0,125.0,1.0
1571,27.0,88.0,60.0,1.0
1572,27.0,83.0,132.0,1.0
1573,27.0,48.0,110.0,1.0
1574,27.0,44.0,127.0,1.0
1575,27.0,79.0,35.0,0.0
1576,27.0,73.0,61.0,0.0
1577,27.0,66.0,129.0,1.0
1578,27.0,109.0,39.0,2.0
1579,27.0,48.0,92.0,1.0
1580,27.0,44.0,115.0,0.0
1581,27.0,57.0,150.0,1.0
1582,27.0,99.0,110.0,0.0
1583,27.0,113.0,32.0,1.0
1584,27.0,109.0,37.0,0.0
1585,27.0,112.0,38.0,0.0
1586,27.0,88.0,174.0,1.0
1587,27.0,37.0,104.0,1.0
1588,27.0,95.0,156.0,1.0
1589,27.0,2.0,20.0,0.0
1590,27.0,99.0,37.0,0.0
1591,27.0,42.0,117.0,3.0
1592,27.0,36.0,107.0,1.0
1593,27.0,20.0,94.0,1.0
1594,27.0,124.0,124.0,1.0
1595,27.0,50.0,77.0,0.0
1596,27.0,75.0,77.0,1.0
1597,27.0,92.0,181.0,0.0
1598,27.0,101.0,25.0,0.0
1599,27.0,29.0,6.0,0.0
1600,27.0,51.0,152.0,0.0
1601,27.0,59.0,51.0,0.0
1602,27.0,68.0,159.0,1.0
1603,27.0,113.0,181.0,1.0
1604,27.0,105.0,14.0,1.0
1605,27.0,63.0,182.0,0.0
1606,27.0,40.0,27.0,0.0
1607,27.0,117.0,107.0,1.0
1608,27.0,39.0,15.0,0.0
1609,27.0,108.0,103.0,0.0
1610,27.0,92.0,16.0,0.0
1611,27.0,78.0,127.0,0.0
1612,27.0,81.0,24.0,0.0
1613,27.0,14.0,3.0,0.0
1614,27.0,100.0,1.0,0.0
1615,27.0,61.0,100.0,1.0
1616,27.0,64.0,215.0,0.0
1617,27.0,46.0,158.0,0.0
1618,27.0,123.0,49.0,0.0
1619,27.0,49.0,219.0,0.0
1620,27.0,98.0,220.0,0.0
1621,27.0,61.0,186.0,0.0
1622,28.0,99.0,183.0,1.0
1623,28.0,109.0,121.0,1.0
1624,28.0,74.0,134.0,1.0
1625,28.0,122.0,146.0,1.0
1626,28.0,124.0,126.0,1.0
1627,28.0,124.0,138.0,1.0
1628,28.0,79.0,35.0,0.0
1629,28.0,115.0,32.0,2.0
1630,28.0,109.0,39.0,1.0
1631,28.0,80.0,177.0,1.0
1632,28.0,102.0,164.0,1.0
1633,28.0,76.0,142.0,1.0
1634,28.0,96.0,178.0,1.0
1635,28.0,109.0,37.0,1.0
1636,28.0,117.0,25.0,0.0
1637,28.0,94.0,176.0,2.0
1638,28.0,105.0,134.0,1.0
1639,28.0,119.0,33.0,1.0
1640,28.0,109.0,154.0,1.0
1641,28.0,88.0,60.0,1.0
1642,28.0,99.0,37.0,1.0
1643,28.0,97.0,113.0,1.0
1644,28.0,57.0,150.0,0.0
1645,28.0,68.0,114.0,1.0
1646,28.0,42.0,133.0,1.0
1647,28.0,95.0,105.0,1.0
1648,28.0,91.0,130.0,1.0
1649,28.0,66.0,129.0,1.0
1650,28.0,99.0,110.0,2.0
1651,28.0,102.0,119.0,0.0
1652,28.0,101.0,25.0,0.0
1653,28.0,108.0,167.0,1.0
1654,28.0,53.0,160.0,0.0
1655,28.0,50.0,77.0,0.0
1656,28.0,51.0,134.0,1.0
1657,28.0,44.0,127.0,0.0
1658,28.0,122.0,99.0,1.0
1659,28.0,123.0,31.0,0.0
1660,28.0,44.0,115.0,2.0
1661,28.0,78.0,154.0,1.0
1662,28.0,67.0,151.0,1.0
1663,28.0,46.0,97.0,1.0
1664,28.0,42.0,117.0,1.0
1665,28.0,51.0,152.0,0.0
1666,28.0,2.0,20.0,0.0
1667,28.0,37.0,104.0,1.0
1668,28.0,122.0,86.0,0.0
1669,28.0,73.0,61.0,1.0
1670,28.0,104.0,15.0,0.0
1671,28.0,59.0,51.0,0.0
1672,28.0,75.0,77.0,0.0
1673,28.0,100.0,191.0,0.0
1674,28.0,29.0,6.0,0.0
1675,28.0,52.0,168.0,0.0
1676,28.0,118.0,4.0,0.0
1677,28.0,82.0,63.0,0.0
1678,28.0,63.0,182.0,0.0
1679,28.0,81.0,24.0,0.0
1680,28.0,119.0,175.0,0.0
1681,28.0,123.0,49.0,0.0
1682,28.0,40.0,27.0,0.0
1683,28.0,39.0,15.0,0.0
1684,28.0,73.0,110.0,0.0
1685,28.0,49.0,219.0,0.0
1686,28.0,64.0,215.0,0.0
1687,28.0,78.0,127.0,0.0
1688,28.0,98.0,220.0,0.0
1689,28.0,61.0,186.0,0.0
1690,28.0,15.0,232.0,0.0
1691,29.0,98.0,116.0,1.0
1692,29.0,110.0,122.0,1.0
1693,29.0,124.0,128.0,1.0
1694,29.0,115.0,137.0,1.0
1695,29.0,122.0,146.0,1.0
1696,29.0,117.0,25.0,0.0
1697,29.0,97.0,164.0,1.0
1698,29.0,107.0,135.0,1.0
1699,29.0,75.0,135.0,1.0
1700,29.0,102.0,164.0,2.0
1701,29.0,79.0,35.0,0.0
1702,29.0,96.0,178.0,1.0
1703,29.0,51.0,102.0,1.0
1704,29.0,62.0,152.0,2.0
1705,29.0,109.0,39.0,1.0
1706,29.0,115.0,32.0,1.0
1707,29.0,101.0,25.0,0.0
1708,29.0,53.0,160.0,1.0
1709,29.0,99.0,37.0,1.0
1710,29.0,108.0,155.0,1.0
1711,29.0,123.0,153.0,1.0
1712,29.0,62.0,149.0,1.0
1713,29.0,105.0,14.0,0.0
1714,29.0,103.0,40.0,1.0
1715,29.0,42.0,133.0,1.0
1716,29.0,57.0,150.0,3.0
1717,29.0,108.0,167.0,1.0
1718,29.0,119.0,164.0,1.0
1719,29.0,81.0,178.0,1.0
1720,29.0,101.0,17.0,0.0
1721,29.0,75.0,77.0,0.0
1722,29.0,100.0,191.0,1.0
1723,29.0,95.0,25.0,0.0
1724,29.0,2.0,20.0,0.0
1725,29.0,96.0,133.0,1.0
1726,29.0,50.0,77.0,3.0
1727,29.0,107.0,14.0,0.0
1728,29.0,123.0,31.0,0.0
1729,29.0,92.0,16.0,0.0
1730,29.0,44.0,127.0,0.0
1731,29.0,42.0,142.0,1.0
1732,29.0,51.0,152.0,0.0
1733,29.0,58.0,161.0,0.0
1734,29.0,51.0,134.0,0.0
1735,29.0,63.0,182.0,0.0
1736,29.0,64.0,45.0,0.0
1737,29.0,100.0,1.0,0.0
1738,29.0,78.0,154.0,1.0
1739,29.0,52.0,168.0,0.0
1740,29.0,59.0,51.0,0.0
1741,29.0,81.0,24.0,0.0
1742,29.0,29.0,6.0,0.0
1743,29.0,39.0,15.0,0.0
1744,29.0,101.0,122.0,0.0
1745,29.0,122.0,86.0,0.0
1746,29.0,123.0,49.0,0.0
1747,29.0,73.0,110.0,0.0
1748,29.0,23.0,19.0,0.0
1749,29.0,64.0,215.0,0.0
1750,29.0,78.0,127.0,0.0
1751,29.0,49.0,219.0,0.0
1752,29.0,21.0,212.0,0.0
1753,29.0,110.0,217.0,0.0
1754,29.0,61.0,186.0,0.0
1755,30.0,106.0,127.0,1.0
1756,30.0,107.0,135.0,1.0
1757,30.0,110.0,145.0,1.0
1758,30.0,115.0,138.0,1.0
1759,30.0,99.0,178.0,1.0
1760,30.0,97.0,164.0,1.0
1761,30.0,101.0,25.0,0.0
1762,30.0,102.0,164.0,2.0
1763,30.0,105.0,14.0,1.0
1764,30.0,95.0,156.0,1.0
1765,30.0,79.0,35.0,0.0
1766,30.0,117.0,25.0,2.0
1767,30.0,108.0,155.0,1.0
1768,30.0,77.0,140.0,1.0
1769,30.0,114.0,112.0,1.0
1770,30.0,93.0,190.0,1.0
1771,30.0,62.0,152.0,1.0
1772,30.0,99.0,37.0,2.0
1773,30.0,101.0,17.0,1.0
1774,30.0,98.0,116.0,1.0
1775,30.0,109.0,30.0,1.0
1776,30.0,115.0,32.0,2.0
1777,30.0,103.0,40.0,1.0
1778,30.0,119.0,33.0,1.0
1779,30.0,57.0,150.0,0.0
1780,30.0,109.0,39.0,2.0
1781,30.0,108.0,167.0,1.0
1782,30.0,96.0,143.0,1.0
1783,30.0,113.0,3.0,1.0
1784,30.0,68.0,163.0,1.0
1785,30.0,53.0,160.0,1.0
1786,30.0,107.0,14.0,0.0
1787,30.0,115.0,7.0,0.0
1788,30.0,104.0,180.0,1.0
1789,30.0,63.0,182.0,0.0
1790,30.0,62.0,149.0,1.0
1791,30.0,58.0,161.0,1.0
1792,30.0,118.0,4.0,0.0
1793,30.0,50.0,77.0,1.0
1794,30.0,92.0,16.0,1.0
1795,30.0,75.0,77.0,0.0
1796,30.0,121.0,142.0,2.0
1797,30.0,84.0,175.0,1.0
1798,30.0,51.0,134.0,0.0
1799,30.0,100.0,1.0,0.0
1800,30.0,124.0,115.0,0.0
1801,30.0,37.0,142.0,1.0
1802,30.0,81.0,24.0,0.0
1803,30.0,51.0,152.0,1.0
1804,30.0,29.0,6.0,0.0
1805,30.0,57.0,165.0,2.0
1806,30.0,59.0,51.0,0.0
1807,30.0,88.0,60.0,0.0
1808,30.0,2.0,20.0,0.0
1809,30.0,46.0,158.0,0.0
1810,30.0,39.0,15.0,0.0
1811,30.0,73.0,110.0,0.0
1812,30.0,64.0,215.0,0.0
1813,30.0,23.0,19.0,0.0
1814,30.0,49.0,219.0,0.0
1815,30.0,98.0,220.0,0.0
1816,31.0,93.0,155.0,1.0
1817,31.0,95.0,156.0,2.0
1818,31.0,91.0,190.0,1.0
1819,31.0,74.0,169.0,1.0
1820,31.0,117.0,25.0,1.0
1821,31.0,101.0,25.0,1.0
1822,31.0,108.0,129.0,1.0
1823,31.0,79.0,35.0,0.0
1824,31.0,90.0,142.0,1.0
1825,31.0,105.0,14.0,0.0
1826,31.0,103.0,40.0,3.0
1827,31.0,101.0,17.0,1.0
1828,31.0,98.0,132.0,1.0
1829,31.0,109.0,37.0,1.0
1830,31.0,109.0,39.0,2.0
1831,31.0,115.0,7.0,3.0
1832,31.0,76.0,52.0,1.0
1833,31.0,99.0,37.0,1.0
1834,31.0,96.0,178.0,1.0
1835,31.0,113.0,3.0,1.0
1836,31.0,108.0,155.0,1.0
1837,31.0,116.0,1.0,2.0
1838,31.0,118.0,4.0,1.0
1839,31.0,63.0,182.0,0.0
1840,31.0,57.0,150.0,0.0
1841,31.0,121.0,142.0,1.0
1842,31.0,109.0,144.0,1.0
1843,31.0,119.0,13.0,1.0
1844,31.0,94.0,176.0,2.0
1845,31.0,78.0,48.0,2.0
1846,31.0,37.0,142.0,1.0
1847,31.0,100.0,1.0,0.0
1848,31.0,58.0,104.0,0.0
1849,31.0,122.0,86.0,0.0
1850,31.0,50.0,77.0,2.0
1851,31.0,75.0,77.0,0.0
1852,31.0,124.0,115.0,0.0
1853,31.0,59.0,51.0,0.0
1854,31.0,29.0,6.0,0.0
1855,31.0,123.0,15.0,0.0
1856,31.0,51.0,134.0,0.0
1857,31.0,2.0,20.0,0.0
1858,31.0,81.0,24.0,0.0
1859,31.0,39.0,15.0,0.0
1860,31.0,88.0,60.0,0.0
1861,31.0,46.0,158.0,0.0
1862,31.0,73.0,110.0,0.0
1863,31.0,78.0,127.0,0.0
1864,31.0,49.0,219.0,0.0
1865,31.0,123.0,49.0,0.0
1866,31.0,110.0,217.0,0.0
1867,31.0,2.0,73.0,0.0
1868,31.0,64.0,215.0,0.0
1869,32.0,91.0,153.0,2.0
1870,32.0,70.0,167.0,1.0
1871,32.0,76.0,168.0,1.0
1872,32.0,117.0,25.0,1.0
1873,32.0,108.0,195.0,1.0
1874,32.0,82.0,178.0,1.0
1875,32.0,61.0,100.0,1.0
1876,32.0,101.0,25.0,1.0
1877,32.0,77.0,152.0,1.0
1878,32.0,79.0,35.0,0.0
1879,32.0,105.0,14.0,0.0
1880,32.0,90.0,160.0,1.0
1881,32.0,89.0,189.0,1.0
1882,32.0,124.0,115.0,1.0
1883,32.0,96.0,181.0,1.0
1884,32.0,109.0,39.0,1.0
1885,32.0,88.0,141.0,1.0
1886,32.0,103.0,43.0,1.0
1887,32.0,63.0,65.0,1.0
1888,32.0,109.0,144.0,1.0
1889,32.0,113.0,3.0,4.0
1890,32.0,90.0,166.0,1.0
1891,32.0,115.0,7.0,2.0
1892,32.0,107.0,14.0,2.0
1893,32.0,99.0,37.0,0.0
1894,32.0,57.0,150.0,0.0
1895,32.0,118.0,4.0,1.0
1896,32.0,115.0,32.0,0.0
1897,32.0,108.0,129.0,1.0
1898,32.0,112.0,38.0,0.0
1899,32.0,101.0,17.0,0.0
1900,32.0,94.0,176.0,0.0
1901,32.0,100.0,1.0,0.0
1902,32.0,109.0,37.0,3.0
1903,32.0,81.0,38.0,1.0
1904,32.0,101.0,28.0,0.0
1905,32.0,75.0,77.0,0.0
1906,32.0,85.0,156.0,0.0
1907,32.0,50.0,77.0,0.0
1908,32.0,121.0,142.0,3.0
1909,32.0,109.0,47.0,2.0
1910,32.0,63.0,182.0,0.0
1911,32.0,103.0,10.0,1.0
1912,32.0,77.0,184.0,0.0
1913,32.0,60.0,115.0,1.0
1914,32.0,119.0,33.0,0.0
1915,32.0,116.0,1.0,0.0
1916,32.0,122.0,86.0,1.0
1917,32.0,119.0,13.0,0.0
1918,32.0,59.0,51.0,0.0
1919,32.0,51.0,134.0,0.0
1920,32.0,29.0,6.0,0.0
1921,32.0,98.0,47.0,0.0
1922,32.0,81.0,24.0,0.0
1923,32.0,2.0,20.0,0.0
1924,32.0,123.0,49.0,0.0
1925,32.0,73.0,110.0,1.0
1926,32.0,120.0,45.0,0.0
1927,32.0,110.0,185.0,0.0
1928,32.0,39.0,15.0,0.0
1929,32.0,78.0,127.0,0.0
1930,32.0,64.0,215.0,0.0
1931,32.0,40.0,27.0,0.0
1932,32.0,21.0,212.0,0.0
1933,32.0,110.0,217.0,0.0
1934,33.0,93.0,155.0,1.0
1935,33.0,68.0,157.0,1.0
1936,33.0,77.0,152.0,1.0
1937,33.0,70.0,167.0,1.0
1938,33.0,82.0,180.0,1.0
1939,33.0,108.0,129.0,1.0
1940,33.0,110.0,134.0,1.0
1941,33.0,109.0,144.0,1.0
1942,33.0,109.0,39.0,0.0
1943,33.0,105.0,14.0,2.0
1944,33.0,79.0,35.0,0.0
1945,33.0,101.0,25.0,2.0
1946,33.0,83.0,171.0,1.0
1947,33.0,67.0,149.0,1.0
1948,33.0,109.0,194.0,1.0
1949,33.0,98.0,197.0,1.0
1950,33.0,95.0,180.0,1.0
1951,33.0,61.0,100.0,1.0
1952,33.0,109.0,37.0,0.0
1953,33.0,112.0,38.0,0.0
1954,33.0,107.0,14.0,1.0
1955,33.0,77.0,184.0,0.0
1956,33.0,117.0,25.0,0.0
1957,33.0,92.0,193.0,1.0
1958,33.0,63.0,182.0,0.0
1959,33.0,75.0,77.0,0.0
1960,33.0,63.0,65.0,1.0
1961,33.0,50.0,77.0,0.0
1962,33.0,124.0,115.0,1.0
1963,33.0,101.0,17.0,0.0
1964,33.0,100.0,173.0,1.0
1965,33.0,101.0,28.0,1.0
1966,33.0,115.0,7.0,0.0
1967,33.0,57.0,150.0,0.0
1968,33.0,120.0,45.0,0.0
1969,33.0,118.0,4.0,0.0
1970,33.0,94.0,176.0,0.0
1971,33.0,52.0,168.0,0.0
1972,33.0,99.0,37.0,0.0
1973,33.0,2.0,20.0,0.0
1974,33.0,122.0,86.0,0.0
1975,33.0,88.0,60.0,0.0
1976,33.0,100.0,1.0,0.0
1977,33.0,81.0,24.0,0.0
1978,33.0,113.0,3.0,0.0
1979,33.0,29.0,6.0,0.0
1980,33.0,59.0,51.0,0.0
1981,33.0,67.0,33.0,0.0
1982,33.0,121.0,184.0,1.0
1983,33.0,98.0,47.0,0.0
1984,33.0,73.0,110.0,1.0
1985,33.0,123.0,49.0,0.0
1986,33.0,110.0,74.0,1.0
1987,33.0,39.0,15.0,0.0
1988,33.0,78.0,127.0,0.0
1989,34.0,111.0,130.0,1.0
1990,34.0,109.0,144.0,1.0
1991,34.0,83.0,171.0,1.0
1992,34.0,68.0,154.0,1.0
1993,34.0,75.0,164.0,1.0
1994,34.0,77.0,152.0,1.0
1995,34.0,109.0,39.0,1.0
1996,34.0,101.0,138.0,1.0
1997,34.0,103.0,133.0,1.0
1998,34.0,76.0,173.0,0.0
1999,34.0,63.0,182.0,1.0
2000,34.0,79.0,35.0,2.0
2001,34.0,103.0,43.0,1.0
2002,34.0,83.0,185.0,1.0
2003,34.0,105.0,14.0,0.0
2004,34.0,112.0,75.0,1.0
2005,34.0,112.0,38.0,2.0
2006,34.0,109.0,37.0,1.0
2007,34.0,84.0,181.0,1.0
2008,34.0,86.0,164.0,1.0
2009,34.0,66.0,101.0,1.0
2010,34.0,101.0,25.0,0.0
2011,34.0,114.0,185.0,1.0
2012,34.0,52.0,168.0,1.0
2013,34.0,102.0,182.0,1.0
2014,34.0,75.0,77.0,0.0
2015,34.0,57.0,150.0,0.0
2016,34.0,88.0,198.0,1.0
2017,34.0,68.0,38.0,1.0
2018,34.0,57.0,165.0,0.0
2019,34.0,98.0,197.0,1.0
2020,34.0,59.0,37.0,1.0
2021,34.0,120.0,45.0,0.0
2022,34.0,118.0,169.0,1.0
2023,34.0,50.0,77.0,0.0
2024,34.0,81.0,24.0,0.0
2025,34.0,29.0,6.0,0.0
2026,34.0,118.0,4.0,0.0
2027,34.0,100.0,1.0,0.0
2028,34.0,2.0,20.0,0.0
2029,34.0,59.0,51.0,0.0
2030,34.0,73.0,110.0,0.0
2031,34.0,100.0,173.0,0.0
2032,34.0,88.0,60.0,0.0
2033,34.0,123.0,49.0,0.0
2034,34.0,39.0,15.0,0.0
2035,34.0,51.0,134.0,0.0
2036,34.0,92.0,16.0,0.0
2037,34.0,78.0,127.0,0.0
2038,34.0,49.0,219.0,0.0
2039,34.0,8.0,196.0,0.0
2040,34.0,64.0,215.0,0.0
2041,34.0,98.0,220.0,0.0
2042,35.0,67.0,153.0,1.0
2043,35.0,111.0,127.0,1.0
2044,35.0,68.0,162.0,1.0
2045,35.0,75.0,164.0,1.0
2046,35.0,110.0,145.0,1.0
2047,35.0,101.0,140.0,1.0
2048,35.0,68.0,97.0,1.0
2049,35.0,115.0,187.0,1.0
2050,35.0,102.0,133.0,1.0
2051,35.0,66.0,123.0,1.0
2052,35.0,109.0,39.0,1.0
2053,35.0,124.0,194.0,1.0
2054,35.0,63.0,182.0,1.0
2055,35.0,83.0,171.0,2.0
2056,35.0,62.0,189.0,1.0
2057,35.0,79.0,35.0,1.0
2058,35.0,77.0,181.0,1.0
2059,35.0,103.0,43.0,0.0
2060,35.0,109.0,37.0,1.0
2061,35.0,88.0,198.0,1.0
2062,35.0,118.0,169.0,1.0
2063,35.0,112.0,38.0,0.0
2064,35.0,85.0,163.0,1.0
2065,35.0,62.0,152.0,0.0
2066,35.0,77.0,152.0,1.0
2067,35.0,57.0,165.0,1.0
2068,35.0,52.0,168.0,1.0
2069,35.0,110.0,74.0,1.0
2070,35.0,68.0,114.0,0.0
2071,35.0,75.0,77.0,0.0
2072,35.0,50.0,77.0,2.0
2073,35.0,101.0,25.0,0.0
2074,35.0,105.0,14.0,2.0
2075,35.0,57.0,150.0,0.0
2076,35.0,120.0,45.0,0.0
2077,35.0,29.0,6.0,0.0
2078,35.0,115.0,53.0,0.0
2079,35.0,118.0,4.0,0.0
2080,35.0,59.0,51.0,0.0
2081,35.0,81.0,24.0,0.0
2082,35.0,99.0,72.0,1.0
2083,35.0,73.0,61.0,0.0
2084,35.0,2.0,20.0,0.0
2085,35.0,44.0,106.0,1.0
2086,35.0,100.0,173.0,0.0
2087,35.0,59.0,37.0,2.0
2088,35.0,100.0,1.0,0.0
2089,35.0,88.0,60.0,0.0
2090,35.0,92.0,16.0,0.0
2091,35.0,123.0,49.0,0.0
2092,35.0,78.0,127.0,0.0
2093,35.0,122.0,86.0,0.0
2094,35.0,64.0,215.0,0.0
2095,35.0,21.0,212.0,0.0
2096,36.0,67.0,153.0,1.0
2097,36.0,88.0,168.0,1.0
2098,36.0,62.0,189.0,1.0
2099,36.0,68.0,97.0,1.0
2100,36.0,63.0,182.0,1.0
2101,36.0,109.0,149.0,1.0
2102,36.0,67.0,125.0,1.0
2103,36.0,109.0,39.0,1.0
2104,36.0,124.0,194.0,1.0
2105,36.0,101.0,138.0,1.0
2106,36.0,109.0,144.0,1.0
2107,36.0,124.0,200.0,1.0
2108,36.0,108.0,129.0,1.0
2109,36.0,79.0,35.0,1.0
2110,36.0,76.0,177.0,1.0
2111,36.0,52.0,168.0,1.0
2112,36.0,83.0,171.0,1.0
2113,36.0,88.0,198.0,1.0
2114,36.0,109.0,37.0,0.0
2115,36.0,112.0,38.0,3.0
2116,36.0,106.0,201.0,1.0
2117,36.0,117.0,202.0,1.0
2118,36.0,68.0,114.0,1.0
2119,36.0,70.0,186.0,0.0
2120,36.0,100.0,173.0,0.0
2121,36.0,94.0,176.0,0.0
2122,36.0,116.0,187.0,1.0
2123,36.0,57.0,165.0,1.0
2124,36.0,118.0,169.0,1.0
2125,36.0,50.0,77.0,1.0
2126,36.0,75.0,77.0,0.0
2127,36.0,102.0,164.0,0.0
2128,36.0,59.0,51.0,0.0
2129,36.0,57.0,150.0,0.0
2130,36.0,81.0,24.0,0.0
2131,36.0,104.0,15.0,1.0
2132,36.0,29.0,6.0,0.0
2133,36.0,101.0,25.0,0.0
2134,36.0,64.0,215.0,0.0
2135,36.0,92.0,16.0,0.0
2136,36.0,118.0,4.0,0.0
2137,36.0,88.0,60.0,0.0
2138,36.0,99.0,72.0,1.0
2139,36.0,123.0,49.0,0.0
2140,36.0,39.0,15.0,0.0
2141,36.0,110.0,217.0,0.0
2142,36.0,2.0,20.0,0.0
2143,36.0,78.0,127.0,0.0
2144,36.0,16.0,160.0,0.0
2145,36.0,49.0,219.0,0.0
2146,36.0,21.0,212.0,0.0
2147,36.0,2.0,73.0,0.0
2148,37.0,63.0,182.0,1.0
2149,37.0,88.0,170.0,1.0
2150,37.0,68.0,151.0,1.0
2151,37.0,62.0,189.0,1.0
2152,37.0,88.0,198.0,1.0
2153,37.0,79.0,35.0,1.0
2154,37.0,109.0,39.0,1.0
2155,37.0,106.0,201.0,1.0
2156,37.0,52.0,168.0,1.0
2157,37.0,76.0,169.0,1.0
2158,37.0,69.0,90.0,1.0
2159,37.0,110.0,185.0,1.0
2160,37.0,68.0,185.0,1.0
2161,37.0,75.0,77.0,0.0
2162,37.0,102.0,164.0,1.0
2163,37.0,109.0,37.0,2.0
2164,37.0,50.0,77.0,3.0
2165,37.0,100.0,173.0,1.0
2166,37.0,94.0,176.0,1.0
2167,37.0,111.0,209.0,0.0
2168,37.0,112.0,38.0,1.0
2169,37.0,2.0,20.0,0.0
2170,37.0,83.0,171.0,2.0
2171,37.0,59.0,51.0,0.0
2172,37.0,57.0,150.0,0.0
2173,37.0,29.0,6.0,0.0
2174,37.0,100.0,191.0,0.0
2175,37.0,108.0,129.0,2.0
2176,37.0,68.0,114.0,0.0
2177,37.0,81.0,24.0,0.0
2178,37.0,88.0,60.0,0.0
2179,37.0,101.0,25.0,0.0
2180,37.0,92.0,16.0,0.0
2181,37.0,78.0,127.0,0.0
2182,37.0,64.0,215.0,0.0
2183,37.0,39.0,15.0,0.0
2184,37.0,121.0,224.0,0.0
2185,37.0,98.0,220.0,0.0
2186,37.0,49.0,219.0,0.0
2187,38.0,113.0,187.0,1.0
2188,38.0,88.0,198.0,1.0
2189,38.0,63.0,182.0,2.0
2190,38.0,79.0,35.0,1.0
2191,38.0,75.0,77.0,1.0
2192,38.0,76.0,169.0,1.0
2193,38.0,100.0,158.0,1.0
2194,38.0,52.0,168.0,2.0
2195,38.0,57.0,178.0,1.0
2196,38.0,111.0,209.0,0.0
2197,38.0,111.0,204.0,1.0
2198,38.0,100.0,191.0,1.0
2199,38.0,59.0,51.0,0.0
2200,38.0,100.0,173.0,1.0
2201,38.0,113.0,173.0,1.0
2202,38.0,50.0,77.0,0.0
2203,38.0,83.0,185.0,1.0
2204,38.0,111.0,37.0,1.0
2205,38.0,29.0,6.0,0.0
2206,38.0,81.0,24.0,0.0
2207,38.0,58.0,104.0,1.0
2208,38.0,2.0,20.0,0.0
2209,38.0,57.0,150.0,0.0
2210,38.0,70.0,186.0,0.0
2211,38.0,73.0,110.0,0.0
2212,38.0,88.0,60.0,0.0
2213,38.0,101.0,25.0,0.0
2214,38.0,64.0,215.0,0.0
2215,38.0,92.0,16.0,0.0
2216,38.0,46.0,158.0,0.0
2217,38.0,78.0,127.0,0.0
2218,38.0,123.0,49.0,0.0
2219,39.0,113.0,173.0,1.0
2220,39.0,111.0,188.0,1.0
2221,39.0,90.0,194.0,1.0
2222,39.0,63.0,182.0,0.0
2223,39.0,75.0,77.0,0.0
2224,39.0,50.0,77.0,0.0
2225,39.0,121.0,142.0,1.0
2226,39.0,57.0,178.0,1.0
2227,39.0,109.0,37.0,1.0
2228,39.0,78.0,170.0,1.0
2229,39.0,59.0,51.0,0.0
2230,39.0,2.0,20.0,0.0
2231,39.0,29.0,6.0,0.0
2232,39.0,52.0,168.0,0.0
2233,39.0,58.0,104.0,1.0
2234,39.0,81.0,24.0,0.0
2235,39.0,92.0,16.0,0.0
2236,39.0,108.0,129.0,0.0
2237,39.0,57.0,150.0,0.0
2238,39.0,64.0,215.0,0.0
2239,39.0,86.0,164.0,1.0
2240,39.0,46.0,158.0,0.0
2241,39.0,118.0,4.0,0.0
2242,39.0,49.0,219.0,0.0
2243,39.0,39.0,15.0,0.0
2244,39.0,2.0,73.0,0.0
2245,39.0,78.0,127.0,0.0
2246,39.0,98.0,220.0,0.0
2247,39.0,21.0,212.0,0.0
2248,40.0,113.0,173.0,1.0
2249,40.0,63.0,182.0,0.0
2250,40.0,109.0,37.0,1.0
2251,40.0,119.0,175.0,1.0
2252,40.0,112.0,38.0,1.0
2253,40.0,109.0,144.0,1.0
2254,40.0,104.0,199.0,1.0
2255,40.0,109.0,39.0,2.0
2256,40.0,50.0,77.0,0.0
2257,40.0,75.0,77.0,0.0
2258,40.0,59.0,51.0,0.0
2259,40.0,64.0,98.0,1.0
2260,40.0,57.0,150.0,0.0
2261,40.0,29.0,6.0,0.0
2262,40.0,2.0,20.0,0.0
2263,40.0,118.0,4.0,1.0
2264,40.0,92.0,16.0,0.0
2265,40.0,88.0,60.0,0.0
2266,40.0,64.0,215.0,0.0
2267,40.0,78.0,127.0,0.0
2268,40.0,73.0,110.0,0.0
2269,40.0,81.0,24.0,0.0
2270,40.0,123.0,49.0,0.0
2271,40.0,81.0,16.0,0.0
2272,40.0,98.0,220.0,0.0
2273,40.0,110.0,217.0,0.0
2274,40.0,39.0,15.0,0.0
2275,40.0,21.0,212.0,0.0
2276,41.0,75.0,77.0,0.0
2277,41.0,101.0,25.0,0.0
2278,41.0,105.0,14.0,0.0
2279,41.0,79.0,35.0,1.0
2280,41.0,109.0,39.0,0.0
2281,41.0,109.0,37.0,1.0
2282,41.0,50.0,77.0,0.0
2283,41.0,81.0,24.0,0.0
2284,41.0,63.0,182.0,0.0
2285,41.0,59.0,51.0,0.0
2286,41.0,88.0,60.0,0.0
2287,41.0,109.0,144.0,1.0
2288,41.0,100.0,1.0,0.0
2289,41.0,2.0,20.0,0.0
2290,41.0,29.0,6.0,0.0
2291,41.0,57.0,150.0,0.0
2292,41.0,73.0,61.0,0.0
2293,41.0,105.0,85.0,0.0
2294,41.0,92.0,16.0,0.0
2295,41.0,123.0,49.0,0.0
2296,41.0,12.0,20.0,0.0
2297,41.0,100.0,191.0,0.0
2298,41.0,73.0,110.0,0.0
2299,41.0,61.0,100.0,1.0
2300,41.0,46.0,158.0,0.0
2301,41.0,49.0,219.0,0.0
2302,41.0,110.0,217.0,0.0
2303,41.0,78.0,127.0,0.0
